time,marker,pc
1.500468810,255,ca85
1.500468810,inject,5000
1.500480508,0,5005
1.515064489,128,500f
2.110693429,1,501b
2.658116229,129,5025
3.253745170,2,5031
4.543836869,130,503b
5.139465809,3,5047
5.618904531,131,5051
6.214533471,4,505d
6.825740932,132,5067
7.421227955,5,5073
8.811378209,133,507d
9.406865232,6,5089
9.516469137,134,5093
10.111845531,7,509f
10.375147225,135,50a9
10.970776166,8,50b5
11.025430055,136,50bf
11.621169624,9,50cb
13.315169753,137,50d5
13.910909323,10,50e1
15.717995365,138,50eb
16.313624305,11,50f7
18.127757055,139,5101
18.723496624,12,510d
19.402387567,140,5117
19.998016507,13,5123
20.474553183,141,512d
21.070182124,14,5139
21.707511348,142,5143
22.303140288,15,514f
22.730886392,143,5159
23.326262787,16,5165
23.475841616,144,516f
24.071470556,17,517b
24.137277821,145,5185
24.733017390,18,5191
24.843489562,146,519b
25.439229131,19,51a7
25.620142677,147,51b1
26.215519072,20,51bd
26.448753249,148,51c7
27.044382189,21,51d3
28.328305505,149,51dd
28.924045074,22,51e9
30.222154554,150,51f3
