frame,seconds,row_y160,row_y168,row_y176,row_y184,glyph_error_bits
66,1.1014,"","","","",0
478,7.9769,"","I DARE YE ENTER...","...THE DUNGEONS OF DAGGORATH!!!","",19
640,10.6804,"","","","",0
1576,26.3005,"","._","","",0
1659,27.6856,"",".EXAMINE","","",12
1678,28.0027,"",".EXAMINE","._","",12
1780,29.7049,"",".EXAMINE",".PULL _","",12
1862,31.0733,"",".EXAMINE",".PULL RIGHT _","",15
1944,32.4418,"",".EXAMINE",".PULL RIGHT TORCH","",18
1968,32.8423,"",".EXAMINE",".PULL RIGHT TORCH","._",18
2073,34.5945,"",".EXAMINE",".PULL RIGHT TORCH",".USE _",18
2155,35.9630,"",".EXAMINE",".PULL RIGHT TORCH",".USE RIGHT",21
2201,36.7306,".EXAMINE",".PULL RIGHT TORCH",".USE RIGHT","._",21
2323,38.7666,".EXAMINE",".PULL RIGHT TORCH",".USE RIGHT",".LOOK",23
2350,39.2172,".PULL RIGHT TORCH",".USE RIGHT",".LOOK","._",11
2460,41.0529,".PULL RIGHT TORCH",".USE RIGHT",".LOOK",".MOVE",20
2512,41.9206,".USE RIGHT",".LOOK",".MOVE","._",14
2730,45.5587,".USE RIGHT",".LOOK",".MOVE",".PULL _",14
2812,46.9271,".USE RIGHT",".LOOK",".MOVE",".PULL LEFT _",16
2895,48.3122,".USE RIGHT",".LOOK",".MOVE",".PULL LEFT SHIELD",16
2928,48.8629,".LOOK",".MOVE",".PULL LEFT SHIELD","._",13
3231,53.9194,".LOOK",".MOVE",".PULL LEFT SHIELD",".PULL _",13
3313,55.2879,".LOOK",".MOVE",".PULL LEFT SHIELD",".PULL RIGHT _",16
3395,56.6563,".LOOK",".MOVE",".PULL LEFT SHIELD",".PULL RIGHT SWORD",22
3431,57.2571,".MOVE",".PULL LEFT SHIELD",".PULL RIGHT SWORD","._",20
3636,60.6781,".MOVE",".PULL LEFT SHIELD",".PULL RIGHT SWORD",".MOVE",29
3704,61.8129,".PULL LEFT SHIELD",".PULL RIGHT SWORD",".MOVE","._",20
4127,68.8720,".PULL LEFT SHIELD",".PULL RIGHT SWORD",".MOVE",".MOVE",29
4186,69.8566,".PULL RIGHT SWORD",".MOVE",".MOVE","._",27
4434,73.9953,".PULL RIGHT SWORD",".MOVE",".MOVE",".ATTACK _",35
4516,75.3637,".PULL RIGHT SWORD",".MOVE",".MOVE",".ATTACK RIGHT",38
4534,75.6641,".PULL RIGHT SWORD",".MOVE",".MOVE",".ATTACK RIGHT  !!!",38
4630,77.2661,".MOVE",".MOVE",".ATTACK RIGHT  !!!","._",29
4827,80.5537,".MOVE",".MOVE",".ATTACK RIGHT  !!!",".TURN _",34
4909,81.9221,".MOVE",".MOVE",".ATTACK RIGHT  !!!",".TURN RIGHT",37
4968,82.9067,".MOVE",".ATTACK RIGHT  !!!",".TURN RIGHT","._",28
5189,86.5948,".MOVE",".ATTACK RIGHT  !!!",".TURN RIGHT",".MOVE",37
5242,87.4793,".ATTACK RIGHT  !!!",".TURN RIGHT",".MOVE","._",28
5435,90.7001,".ATTACK RIGHT  !!!",".TURN RIGHT",".MOVE",".MOVE",37
5483,91.5011,".TURN RIGHT",".MOVE",".MOVE","._",26
5676,94.7220,".TURN RIGHT",".MOVE",".MOVE",".MOVE",35
5718,95.4229,".MOVE",".MOVE",".MOVE","._",27
5905,98.5435,".MOVE",".MOVE",".MOVE",".TURN _",32
5987,99.9120,".MOVE",".MOVE",".MOVE",".TURN RIGHT",35
6047,100.9133,".MOVE",".MOVE",".TURN RIGHT","._",26
6253,104.3510,".MOVE",".MOVE",".TURN RIGHT",".MOVE",35
6307,105.2522,".MOVE",".TURN RIGHT",".MOVE","._",26
6592,110.0083,".MOVE",".TURN RIGHT",".MOVE",".MOVE",35
6662,111.1765,".TURN RIGHT",".MOVE",".MOVE","._",26
7090,118.3190,"","","","",0
7506,125.2613,"","I DARE YE ENTER...","...THE DUNGEONS OF DAGGORATH!!!","",19
7668,127.9648,"","","","",0
8604,143.5849,"","._","","",0
8687,144.9700,"",".EXAMINE","","",12
8706,145.2871,"",".EXAMINE","._","",12
8808,146.9893,"",".EXAMINE",".PULL _","",12
8890,148.3577,"",".EXAMINE",".PULL RIGHT _","",15
8972,149.7261,"",".EXAMINE",".PULL RIGHT TORCH","",18
8996,150.1266,"",".EXAMINE",".PULL RIGHT TORCH","._",18
9101,151.8789,"",".EXAMINE",".PULL RIGHT TORCH",".USE _",18
9183,153.2473,"",".EXAMINE",".PULL RIGHT TORCH",".USE RIGHT",21
9229,154.0150,".EXAMINE",".PULL RIGHT TORCH",".USE RIGHT","._",21
9351,156.0509,".EXAMINE",".PULL RIGHT TORCH",".USE RIGHT",".LOOK",23
9378,156.5015,".PULL RIGHT TORCH",".USE RIGHT",".LOOK","._",11
9488,158.3372,".PULL RIGHT TORCH",".USE RIGHT",".LOOK",".MOVE",20
9541,159.2217,".USE RIGHT",".LOOK",".MOVE","._",14
9758,162.8430,".USE RIGHT",".LOOK",".MOVE",".PULL _",14
9840,164.2114,".USE RIGHT",".LOOK",".MOVE",".PULL LEFT _",16
9923,165.5965,".USE RIGHT",".LOOK",".MOVE",".PULL LEFT SHIELD",16
9956,166.1473,".LOOK",".MOVE",".PULL LEFT SHIELD","._",13
10243,170.9368,".LOOK",".MOVE",".PULL LEFT SHIELD",".PULL _",13
10325,172.3052,".LOOK",".MOVE",".PULL LEFT SHIELD",".PULL RIGHT _",16
10407,173.6736,".LOOK",".MOVE",".PULL LEFT SHIELD",".PULL RIGHT SWORD",22
10443,174.2744,".MOVE",".PULL LEFT SHIELD",".PULL RIGHT SWORD","._",20
10563,176.2770,".MOVE",".PULL LEFT SHIELD",".PULL RIGHT SWORD",".MOVE",29
10631,177.4118,".PULL LEFT SHIELD",".PULL RIGHT SWORD",".MOVE","._",20
10849,181.0498,".PULL LEFT SHIELD",".PULL RIGHT SWORD",".MOVE",".MOVE",29
10919,182.2179,".PULL RIGHT SWORD",".MOVE",".MOVE","._",27
11218,187.2077,".PULL RIGHT SWORD",".MOVE",".MOVE",".ATTACK _",35
11300,188.5761,".PULL RIGHT SWORD",".MOVE",".MOVE",".ATTACK RIGHT",38
11318,188.8765,".PULL RIGHT SWORD",".MOVE",".MOVE",".ATTACK RIGHT  !!!",38
