beat,frame,ffmpeg_framemd5_of_512x152_upper_field
12,012-four-row-dot-prompt.png,7a95ac5af9186724cfd93c9a5be90a89
13,013-examine.png,d5f8740b7ec2108f2f366c89dab1388f
14,014-pull-torch.png,3cb8d2eb4cff0f6625fe4a221f64454a
15,015-torch-use.png,be4a677d873264a565e722897236b754
16,016-lit-look.png,0c4609566fed5f63df4ce0c9c4607c26
17,017-first-move.png,0d13452d2b1e008e99fc496dc99e51d7
18,018-shield.png,2128f6c96931c9204b8d10497de4672c
19,019-sword-and-first-giant-pixels.png,af410c602fc7dbc23a840510f4d75cb0
20,020-giant-recognizable.png,355853ea444da45d3ec587886653d80d
21,021-giant-nearer.png,aa86067064ed6cdcebc5df8891302898
22,022-giant-large.png,3c9f5d852d9ccafc28bd256e9aa40d18
23,023-giant-occlusion.png,a67a0ff1653191d8a6f018a38b0ed794
24,024-giant-reappearance.png,00450da3dfa802753fa533d249895e8a
25,025-attack-command-giant.png,00450da3dfa802753fa533d249895e8a
26,026-post-kill.png,a67a0ff1653191d8a6f018a38b0ed794
27,027-turn-right.png,44e7f2776518fefff44b7613c49c9b42
28,028-east-move-one.png,2128f6c96931c9204b8d10497de4672c
29,029-east-move-two.png,64a18cb9057b54609061e2d5b503c67b
30,030-east-move-three.png,a67a0ff1653191d8a6f018a38b0ed794
31,031-turn-south.png,8c8327924eeda4100356d36623a7586a
32,032-south-move-one.png,756437c3a9e0e0c4accaaa38a12c0b56
33,033-later-giant-first.png,d02a1ddc3ae6b0b6c595e8361046e30c
34,034-later-giant-near.png,3a205b63fda0668336d934f42c21c5cf
