source_jiffy_since_counter_zero,source_seconds_since_counter_zero,debugger_observation
1495,24.917,"CMD t=18:09:01 ptr=D988 p=0C,16 d=00 dmg=0000 pow=17A0 seed=756519 h=26,2E,FF c17=FF,05,12,1D c18=FF,05,0B,19"
1617,26.950,"CMD t=1A:09:03 ptr=D98B p=0C,16 d=00 dmg=0000 pow=17A0 seed=A5B1C9 h=08,2E,FF c17=FF,05,12,1D c18=FF,05,0B,19"
1910,31.833,"CMD t=1F:08:02 ptr=D992 p=0C,16 d=00 dmg=0000 pow=17A0 seed=93F916 h=25,2E,00 c17=FF,05,12,1C c18=FF,05,0A,19"
2160,36.000,"CMD t=24:00:00 ptr=D997 p=0C,16 d=00 dmg=0000 pow=17A0 seed=3D4150 h=11,2E,FF c17=FF,05,12,1B c18=FF,05,09,19"
2297,38.283,"CMD t=26:02:05 ptr=D99A p=0C,16 d=00 dmg=0000 pow=17A0 seed=7EF0F8 h=12,2E,00 c17=FF,05,12,1B c18=FF,05,09,19"
2567,42.783,"CMD t=2A:07:05 ptr=D99D p=0B,16 d=00 dmg=0006 pow=17A0 seed=58C320 h=15,2D,00 c17=FF,05,12,1A c18=FF,05,09,18"
3068,51.133,"CMD t=33:01:02 ptr=D9A4 p=0B,16 d=00 dmg=0005 pow=17A0 seed=B96508 h=0F,2D,FF c17=FF,05,12,19 c18=FF,05,09,17"
3473,57.883,"CMD t=39:08:05 ptr=D9AB p=0B,16 d=00 dmg=0004 pow=17A0 seed=E0D2D4 h=0F,2D,00 c17=FF,05,12,18 c18=FF,05,09,16"
3964,66.067,"CMD t=06:00:04 ptr=D9AE p=0A,16 d=00 dmg=000A pow=17A0 seed=E5C340 h=13,2D,FF c17=FF,05,12,17 c18=FF,05,0A,16"
4270,71.167,"CMD t=0B:01:04 ptr=D9B1 p=09,16 d=00 dmg=0010 pow=17A0 seed=F194D4 h=1C,2D,00 c17=FF,05,12,16 c18=FF,05,09,16"
4664,77.733,"CMD t=11:07:02 ptr=D9B6 p=09,16 d=00 dmg=00F8 pow=17F8 seed=4D0231 h=1B,29,FF c17=FF,05,11,16 c18=00,05,09,16"
5026,83.767,"CMD t=17:07:04 ptr=D9BB p=09,16 d=01 dmg=00F4 pow=17F8 seed=50047B h=22,29,00 c17=FF,05,10,16 c18=00,05,09,16"
5272,87.867,"CMD t=1B:08:04 ptr=D9BE p=09,17 d=01 dmg=00F7 pow=17F8 seed=9117AA h=22,29,00 c17=FF,05,10,16 c18=00,05,09,16"
5513,91.883,"CMD t=1F:08:05 ptr=D9C1 p=09,18 d=01 dmg=00FA pow=17F8 seed=480571 h=27,29,00 c17=FF,05,10,17 c18=00,05,09,16"
5742,95.700,"CMD t=23:07:00 ptr=D9C4 p=09,19 d=01 dmg=00FC pow=17F8 seed=DF471F h=0F,29,FF c17=FF,05,10,18 c18=00,05,09,16"
6090,101.500,"CMD t=29:05:00 ptr=D9C9 p=09,19 d=02 dmg=00F8 pow=17F8 seed=6AD0F6 h=24,29,00 c17=FF,05,10,19 c18=00,05,09,16"
6429,107.150,"CMD t=2F:01:03 ptr=D9CC p=0A,19 d=02 dmg=00FB pow=17F8 seed=A6FD44 h=19,29,00 c17=FF,05,10,19 c18=00,05,09,16"
6838,113.967,"CMD t=35:09:04 ptr=D9CF p=0B,19 d=02 dmg=00FD pow=17F8 seed=63CFA5 h=1A,29,00 c17=FF,05,0F,19 c18=00,05,09,16"
