1,0.015223163,7167,255,255,255,16778
2,0.031911316,7167,255,255,255,16761
3,0.048599469,7167,255,255,255,16775
4,0.065287623,7167,255,255,255,16759
5,0.081975776,7167,255,255,255,16773
6,0.098663929,7167,255,255,255,16757
7,0.115352083,7167,255,255,255,16771
8,0.132040236,7167,255,255,255,16786
9,0.148728389,7167,255,255,255,16769
10,0.165416543,7167,255,255,255,16784
11,0.182104696,7167,255,255,255,16766
12,0.198792849,7167,255,255,255,16783
13,0.215481003,7167,255,255,255,16766
14,0.232169156,7167,255,255,255,16780
15,0.248857309,7167,255,255,255,16763
16,0.265545463,7167,255,255,255,16778
17,0.282233616,7167,255,255,255,16716
18,0.298921769,65535,0,0,0,41081
19,0.315609923,0,0,0,0,42967
20,0.332298076,0,0,0,0,42966
21,0.348986229,0,0,0,0,42965
22,0.365674383,0,0,0,0,42965
23,0.382362536,0,0,0,0,42967
24,0.399050689,0,0,0,0,42966
25,0.415738843,0,0,0,0,42965
26,0.432426996,0,0,0,0,42965
27,0.449115149,0,0,0,0,42967
28,0.465803303,0,0,0,0,42966
29,0.482491456,0,0,0,0,42965
30,0.499179609,0,0,0,0,42965
31,0.515867763,0,0,0,0,42967
32,0.532555916,0,0,0,0,42966
33,0.549244069,0,0,0,0,42965
34,0.565932223,0,0,0,0,42965
35,0.582620376,0,0,0,0,42967
36,0.599308529,0,0,0,0,42966
37,0.615996683,0,0,0,0,42965
38,0.632684836,0,0,0,0,42965
39,0.649372989,0,0,0,0,42967
40,0.666061143,0,0,0,0,42966
41,0.682749296,0,0,0,0,42965
42,0.699437449,0,0,0,0,42965
43,0.716125603,0,0,0,0,42967
44,0.732813756,0,0,0,0,42966
45,0.749501909,0,0,0,0,42965
46,0.766190063,0,0,0,0,42965
47,0.782878216,0,0,0,0,42967
48,0.799566369,0,0,0,0,42966
49,0.816254523,0,0,0,0,42965
50,0.832942676,0,0,0,0,42965
51,0.849630830,0,0,0,0,42967
52,0.866318983,0,0,0,0,42966
53,0.883007136,0,0,0,0,42965
54,0.899695290,0,0,0,0,42965
55,0.916383443,0,0,0,0,49202
56,0.933071596,0,0,0,0,49202
57,0.949759750,0,0,0,0,49205
58,0.966447903,0,0,0,0,49202
59,0.983136056,0,0,0,0,49207
60,0.999824210,0,0,0,0,49202
61,1.016512363,0,0,0,0,49202
62,1.033200516,0,0,0,0,49205
63,1.049888670,0,0,0,0,49202
64,1.066576823,0,0,0,0,49207
65,1.083264976,0,0,0,0,49202
66,1.099953130,0,0,0,0,49202
67,1.116641283,0,0,0,0,49205
68,1.133329436,0,0,0,0,49202
69,1.150017590,0,0,0,0,49207
70,1.166705743,0,0,0,0,49202
71,1.183393896,4096,0,0,0,50022
72,1.200082050,4096,0,0,0,50952
73,1.216770203,4096,0,0,0,50018
74,1.233458356,4096,0,0,0,49234
75,1.250146510,4096,0,0,0,51004
76,1.266834663,4096,0,0,0,50952
77,1.283522816,4096,0,0,0,50988
78,1.300210970,4096,0,0,0,50992
79,1.316899123,4096,0,0,0,50022
80,1.333587276,4096,0,0,0,50018
81,1.350275430,4096,0,0,0,50351
82,1.366963583,4096,0,0,0,50373
83,1.383651736,4096,0,0,0,50471
84,1.400339890,4096,32,255,0,50466
85,1.417028043,4096,33,255,0,51845
86,1.433716196,4096,33,255,0,51845
87,1.450404350,4096,33,255,0,51980
88,1.467092503,4096,33,255,0,52018
89,1.483780656,4096,33,255,0,51877
90,1.500468810,4096,33,255,0,51845
91,1.517156963,4096,33,255,0,51852
92,1.533845116,4096,32,255,0,51866
93,1.550533270,4096,33,255,0,52092
94,1.567221423,4096,33,255,0,52094
95,1.583909576,4096,33,255,0,52054
96,1.600597730,4096,33,255,0,52062
97,1.617285883,4096,33,255,0,51861
98,1.633974036,4096,33,255,0,51821
99,1.650662190,4096,33,255,0,51942
100,1.667350343,4096,33,255,0,52102
101,1.684038496,4096,32,255,255,50916
102,1.700726650,10240,30,255,0,50466
103,1.717414803,10240,31,255,0,51940
104,1.734102956,10240,30,255,0,54146
105,1.750791110,10240,31,255,0,51853
106,1.767479263,10240,31,255,0,51849
107,1.784167416,10240,31,255,0,51865
108,1.800855570,10240,31,255,0,52087
109,1.817543723,10240,31,255,0,52016
110,1.834231876,10240,31,255,0,51729
111,1.850920030,10240,31,255,0,52086
112,1.867608183,10240,31,255,0,51863
113,1.884296336,10240,31,255,0,52100
114,1.900984490,10240,31,255,0,51842
115,1.917672643,10240,31,255,0,52074
116,1.934360796,10240,31,255,0,51855
117,1.951048950,10240,31,255,0,52016
118,1.967737103,10240,31,255,0,52059
119,1.984425256,10240,30,255,255,50916
120,2.001113410,4096,28,255,0,50466
121,2.017801563,4096,29,255,0,51939
122,2.034489716,4096,28,255,0,54144
123,2.051177870,4096,29,255,0,51853
124,2.067866023,4096,29,255,0,51849
125,2.084554176,4096,29,255,0,51865
126,2.101242330,4096,29,255,0,52086
127,2.117930483,4096,29,255,0,52015
128,2.134618636,4096,29,255,0,51727
129,2.151306790,4096,29,255,0,52086
130,2.167994943,4096,29,255,0,51861
131,2.184683096,4096,29,255,0,52063
132,2.201371250,4096,29,255,0,51853
133,2.218059403,4096,29,255,0,52064
134,2.234747556,4096,29,255,0,51847
135,2.251435710,4096,29,255,0,52100
136,2.268123863,4096,29,255,0,52016
137,2.284812016,4096,28,255,255,50916
138,2.301500170,10240,26,255,0,50466
139,2.318188323,10240,27,255,0,51940
140,2.334876476,10240,26,255,0,54146
141,2.351564630,10240,27,255,0,51853
142,2.368252783,10240,27,255,0,51866
143,2.384940936,10240,27,255,0,51875
144,2.401629090,10240,27,255,0,52093
145,2.418317243,10240,27,255,0,52058
146,2.435005396,10240,27,255,0,51958
147,2.451693550,10240,27,255,0,52059
148,2.468381703,10240,27,255,0,51843
149,2.485069856,10240,27,255,0,52070
150,2.501758010,10240,27,255,0,51837
151,2.518446163,10240,27,255,0,52074
152,2.535134316,10240,27,255,0,51825
153,2.551822470,10240,27,255,0,52073
154,2.568510623,10240,27,255,0,51964
155,2.585198776,10240,26,255,255,50916
156,2.601886930,4096,24,255,0,50466
157,2.618575083,4096,25,255,0,51939
158,2.635263236,4096,24,255,0,54144
159,2.651951390,4096,25,255,0,51853
160,2.668639543,4096,25,255,0,51849
161,2.685327696,4096,25,255,0,51865
162,2.702015850,4096,25,255,0,52086
163,2.718704003,4096,25,255,0,52015
164,2.735392156,4096,25,255,0,51727
165,2.752080310,4096,25,255,0,52016
166,2.768768463,4096,25,255,0,51861
167,2.785456616,4096,25,255,0,52063
168,2.802144770,4096,25,255,0,51853
169,2.818832923,4096,25,255,0,52064
170,2.835521076,4096,25,255,0,51847
171,2.852209230,4096,25,255,0,52064
172,2.868897383,4096,25,255,0,51734
173,2.885585536,4096,24,255,255,50916
174,2.902273690,10240,22,255,0,50466
175,2.918961843,10240,23,255,0,51940
176,2.935649996,10240,22,255,0,54146
177,2.952338150,10240,23,255,0,51853
178,2.969026303,10240,23,255,0,51849
179,2.985714456,10240,23,255,0,51865
180,3.002402610,10240,23,255,0,52087
181,3.019090763,10240,23,255,0,52016
182,3.035778916,10240,23,255,0,51729
183,3.052467070,10240,23,255,0,52017
184,3.069155223,10240,23,255,0,51854
185,3.085843376,10240,23,255,0,52092
186,3.102531530,10240,23,255,0,51851
187,3.119219683,10240,23,255,0,52094
188,3.135907836,10240,23,255,0,51846
189,3.152595990,10240,23,255,0,52094
190,3.169284143,10240,23,255,0,51984
191,3.185972296,10240,22,255,255,50916
192,3.202660450,4096,20,255,0,50466
193,3.219348603,4096,21,255,0,51939
194,3.236036756,4096,20,255,0,54144
195,3.252724910,4096,21,255,0,51853
196,3.269413063,4096,21,255,0,51849
197,3.286101216,4096,21,255,0,51865
198,3.302789370,4096,21,255,0,52086
199,3.319477523,4096,21,255,0,52015
200,3.336165676,4096,21,255,0,51727
201,3.352853830,4096,21,255,0,52016
202,3.369541983,4096,21,255,0,51861
203,3.386230136,4096,21,255,0,52062
204,3.402918290,4096,21,255,0,51890
205,3.419606443,4096,21,255,0,52064
206,3.436294596,4096,20,255,0,54150
207,3.452982750,4096,21,255,0,52092
208,3.469670903,4096,21,255,0,51865
209,3.486359056,4096,20,255,255,50916
210,3.503047210,10240,18,255,0,50466
211,3.519735363,10240,19,255,0,51940
212,3.536423516,10240,18,255,0,54146
213,3.553111670,10240,19,255,0,51853
214,3.569799823,10240,19,255,0,51849
215,3.586487976,10240,19,255,0,51865
216,3.603176130,10240,19,255,0,52087
217,3.619864283,10240,19,255,0,52016
218,3.636552436,10240,19,255,0,51729
219,3.653240590,10240,19,255,0,52017
220,3.669928743,10240,19,255,0,51851
221,3.686616896,10240,19,255,0,52086
222,3.703305050,10240,19,255,0,51885
223,3.719993203,10240,19,255,0,52053
224,3.736681356,10240,18,255,0,54138
225,3.753369510,10240,19,255,0,52082
226,3.770057663,10240,19,255,0,51828
227,3.786745816,10240,18,255,255,50916
228,3.803433970,4096,16,255,0,50466
229,3.820122123,4096,17,255,0,51939
230,3.836810276,4096,16,255,0,54144
231,3.853498430,4096,17,255,0,51853
232,3.870186583,4096,17,255,0,51849
233,3.886874736,4096,17,255,0,51865
234,3.903562890,4096,17,255,0,52086
235,3.920251043,4096,17,255,0,52015
236,3.936939196,4096,17,255,0,51727
237,3.953627350,4096,17,255,0,52074
238,3.970315503,4096,17,255,0,51850
239,3.987003656,4096,17,255,0,52085
240,4.003691810,4096,17,255,0,51884
241,4.020379963,4096,17,255,0,52017
242,4.037068116,4096,16,255,0,54137
243,4.053756270,4096,17,255,0,52068
244,4.070444423,4096,17,255,0,51917
245,4.087132576,4096,16,255,255,50916
246,4.103820730,10240,14,255,0,50466
247,4.120508883,10240,15,255,0,51940
248,4.137197036,10240,14,255,0,54146
249,4.153885190,10240,15,255,0,51853
250,4.170573343,10240,15,255,0,51849
251,4.187261496,10240,15,255,0,51865
252,4.203949650,10240,15,255,0,52087
253,4.220637803,10240,15,255,0,52016
254,4.237325956,10240,15,255,0,51729
255,4.254014110,10240,15,255,0,52076
256,4.270702263,10240,15,255,0,51845
257,4.287390416,10240,15,255,0,52102
258,4.304078570,10240,14,255,0,50241
259,4.320766723,10240,15,255,0,51999
260,4.337454876,10240,15,255,0,52087
261,4.354143030,10240,15,255,0,52016
262,4.370831183,10240,15,255,0,52064
263,4.387519336,10240,14,255,255,50916
264,4.404207490,4096,12,255,0,50466
265,4.420895643,4096,13,255,0,51939
266,4.437583796,4096,12,255,0,54144
267,4.454271950,4096,13,255,0,51853
268,4.470960103,4096,13,255,0,51849
269,4.487648256,4096,13,255,0,51865
270,4.504336410,4096,13,255,0,52076
271,4.521024563,4096,13,255,0,52100
272,4.537712716,4096,13,255,0,51851
273,4.554400870,4096,13,255,0,52088
274,4.571089023,4096,12,255,0,50186
275,4.587777176,4096,13,255,0,52086
276,4.604465330,4096,12,255,0,51867
277,4.621153483,4096,13,255,0,51841
278,4.637841636,4096,13,255,0,51884
279,4.654529790,4096,12,255,0,51897
280,4.671217943,4096,13,255,0,51991
281,4.687906096,4096,12,255,255,50916
282,4.704594250,10240,10,255,0,50466
283,4.721282403,10240,11,255,0,51940
284,4.737970556,10240,10,255,0,54146
285,4.754658710,10240,11,255,0,51853
286,4.771346863,10240,11,255,0,51849
287,4.788035016,10240,11,255,0,51865
288,4.804723170,10240,11,255,0,52082
289,4.821411323,10240,11,255,0,52102
290,4.838099476,10240,11,255,0,51849
291,4.854787630,10240,11,255,0,52055
292,4.871475783,10240,10,255,0,52110
293,4.888163936,10240,11,255,0,52104
294,4.904852090,10240,11,255,0,52098
295,4.921540243,10240,11,255,0,51860
296,4.938228396,10240,11,255,0,51850
297,4.954916550,10240,11,255,0,52070
298,4.971604703,10240,10,255,0,54149
299,4.988292856,10240,10,255,255,50916
300,5.004981010,4096,8,255,0,50466
301,5.021669163,4096,9,255,0,51939
302,5.038357316,4096,8,255,0,54144
303,5.055045470,4096,9,255,0,51853
304,5.071733623,4096,9,255,0,51849
305,5.088421776,4096,9,255,0,51865
306,5.105109930,4096,9,255,0,52076
307,5.121798083,4096,9,255,0,52100
308,5.138486236,4096,9,255,0,51845
309,5.155174390,4096,9,255,0,52104
310,5.171862543,4096,9,255,0,52069
311,5.188550696,4096,9,255,0,52054
312,5.205238850,4096,9,255,0,52100
313,5.221927003,4096,9,255,0,51848
314,5.238615156,4096,9,255,0,51841
315,5.255303310,4096,9,255,0,52087
316,5.271991463,4096,9,255,0,52089
317,5.288679616,4096,8,255,255,50916
318,5.305367770,10240,6,255,0,50466
319,5.322055923,10240,7,255,0,51940
320,5.338744076,10240,6,255,0,54145
321,5.355432230,10240,7,255,0,51847
322,5.372120383,10240,7,255,0,51911
323,5.388808536,10240,6,255,0,51897
324,5.405496690,10240,7,255,0,51885
325,5.422184843,10240,7,255,0,52102
326,5.438872996,10240,7,255,0,51930
327,5.455561150,10240,7,255,0,52031
328,5.472249303,10240,7,255,0,52076
329,5.488937456,10240,7,255,0,51840
330,5.505625610,10240,7,255,0,51853
331,5.522313763,10240,7,255,0,52089
332,5.539001916,10240,7,255,0,52016
333,5.555690070,10240,7,255,0,52016
334,5.572378223,10240,7,255,0,52083
335,5.589066377,10240,6,255,255,50916
336,5.605754530,4096,4,255,0,50466
337,5.622442683,4096,5,255,0,51939
338,5.639130837,4096,4,255,0,50205
339,5.655818990,4096,5,255,0,51920
340,5.672507143,4096,4,255,0,50169
341,5.689195297,4096,5,255,0,52082
342,5.705883450,4096,5,255,0,51860
343,5.722571603,4096,5,255,0,51880
344,5.739259757,4096,5,255,0,52085
345,5.755947910,4096,5,255,0,52064
346,5.772636063,4096,5,255,0,52074
347,5.789324217,4096,5,255,0,52032
348,5.806012370,4096,4,255,0,50310
349,5.822700523,4096,5,255,0,51844
350,5.839388677,4096,5,255,0,52093
351,5.856076830,4096,5,255,0,51847
352,5.872764983,4096,5,255,0,51821
353,5.889453137,4096,4,255,255,50916
354,5.906141290,10240,2,255,0,50467
355,5.922829443,10240,2,255,0,50241
356,5.939517597,10240,3,255,0,52062
357,5.956205750,10240,3,255,0,52022
358,5.972893903,10240,3,255,0,51885
359,5.989582057,10240,3,255,0,52064
360,6.006270210,10240,3,255,0,52060
361,6.022958363,10240,3,255,0,52018
362,6.039646517,10240,2,255,0,50205
363,6.056334670,10240,3,255,0,52105
364,6.073022823,10240,3,255,0,51851
365,6.089710977,10240,3,255,0,52102
366,6.106399130,10240,3,255,0,52086
367,6.123087283,10240,2,255,0,52110
368,6.139775437,10240,3,255,0,52086
369,6.156463590,10240,3,255,0,52064
370,6.173151743,10240,3,255,0,52036
371,6.189839897,10240,2,255,0,50218
372,6.206528050,10240,2,255,255,50916
373,6.223216203,4096,0,255,0,50466
374,6.239904357,4096,1,255,0,52068
375,6.256592510,4096,1,255,0,52062
376,6.273280663,4096,1,255,0,51841
377,6.289968817,4096,0,255,0,50189
378,6.306656970,4096,0,255,0,50247
379,6.323345123,4096,1,255,0,52027
380,6.340033277,4096,1,255,0,52044
381,6.356721430,4096,1,255,0,52071
382,6.373409583,4096,1,255,0,54145
383,6.390097737,4096,1,255,0,52104
384,6.406785890,4096,1,255,0,52038
385,6.423474043,4096,1,255,0,52026
386,6.440162197,4096,1,255,0,51849
387,6.456850350,4096,1,255,0,51963
388,6.473538503,4096,1,255,0,51861
389,6.490226657,4096,1,255,0,52040
390,6.506914810,4096,1,255,0,51889
391,6.523602963,4096,1,255,0,52102
392,6.540291117,4096,1,255,0,52020
393,6.556979270,4096,1,255,0,51942
394,6.573667423,4096,0,255,255,50916
395,6.590355577,10240,0,0,0,51393
396,6.607043730,10240,0,0,0,51395
397,6.623731883,10240,0,0,0,51394
398,6.640420037,10240,0,0,0,51393
399,6.657108190,10240,0,0,0,51392
400,6.673796343,10240,0,0,0,51395
401,6.690484497,10240,0,0,0,51393
402,6.707172650,10240,0,0,0,51392
403,6.723860803,10240,0,0,0,51393
404,6.740548957,10240,0,0,0,51395
405,6.757237110,10240,0,0,0,51394
406,6.773925263,10240,0,0,0,51394
407,6.790613417,10240,0,0,0,51393
408,6.807301570,10240,0,0,0,51395
409,6.823989723,10240,0,0,0,51395
410,6.840677877,10240,0,0,0,51393
411,6.857366030,10240,0,0,0,51393
412,6.874054183,10240,0,0,0,51393
413,6.890742337,10240,0,0,0,51393
414,6.907430490,10240,0,0,0,51393
415,6.924118643,10240,0,0,0,51395
416,6.940806797,10240,0,0,0,51395
417,6.957494950,10240,0,0,0,51392
418,6.974183103,10240,0,0,0,51393
419,6.990871257,10240,0,0,0,51395
420,7.007559410,10240,0,0,0,51395
421,7.024247563,10240,0,0,0,51393
422,7.040935717,10240,0,0,0,51392
423,7.057623870,10240,0,0,0,51393
424,7.074312023,10240,0,0,0,51400
425,7.091000177,10240,0,0,0,51392
426,7.107688330,10240,0,0,0,51395
427,7.124376483,10240,0,0,0,51393
428,7.141064637,10240,0,0,0,51393
429,7.157752790,10240,0,0,0,51399
430,7.174440943,10240,0,0,0,51393
431,7.191129097,10240,0,0,0,51394
432,7.207817250,10240,0,0,0,51393
433,7.224505403,10240,0,0,0,51391
434,7.241193557,10240,0,0,0,51394
435,7.257881710,10240,0,0,0,51393
436,7.274569863,10240,0,0,0,51392
437,7.291258017,10240,0,0,0,51395
438,7.307946170,10240,0,0,0,51393
439,7.324634323,10240,0,0,0,51393
440,7.341322477,10240,0,0,0,51393
441,7.358010630,10240,0,0,0,51393
442,7.374698783,10240,0,0,0,51395
443,7.391386937,10240,0,0,0,51395
444,7.408075090,10240,0,0,0,51395
445,7.424763243,10240,0,0,0,51395
446,7.441451397,10240,0,0,0,51393
447,7.458139550,10240,0,0,0,51393
448,7.474827703,10240,0,0,0,51393
449,7.491515857,10240,0,0,0,51395
450,7.508204010,10240,0,0,0,51395
451,7.524892163,10240,0,0,0,51393
452,7.541580317,10240,0,0,0,51393
453,7.558268470,10240,0,0,0,51394
454,7.574956623,10240,0,0,0,51395
455,7.591644777,10240,0,0,0,51393
456,7.608332930,10240,0,0,0,51395
457,7.625021083,10240,0,0,0,51392
458,7.641709237,10240,0,0,0,51394
459,7.658397390,10240,0,0,0,51395
460,7.675085543,10240,0,0,0,51393
461,7.691773697,10240,0,0,0,51393
462,7.708461850,10240,0,0,0,51356
463,7.725150003,10240,0,0,0,51395
464,7.741838157,10240,0,0,0,51393
465,7.758526310,10240,0,0,0,51392
466,7.775214463,10240,0,0,0,51395
467,7.791902617,10240,0,0,0,51395
468,7.808590770,10240,0,0,0,51393
469,7.825278923,10240,0,0,0,51395
470,7.841967077,10240,0,0,0,51393
471,7.858655230,10240,0,0,0,51393
472,7.875343383,10240,0,0,0,50318
473,7.892031537,10240,0,0,0,50300
474,7.908719690,10240,0,0,0,50328
475,7.925407843,10240,0,0,0,50300
476,7.942095997,10240,0,0,0,50327
477,7.958784150,10240,0,0,0,50309
478,7.975472303,10240,0,0,0,50327
479,7.992160457,10240,0,0,0,50818
480,8.008848610,10240,0,0,0,50818
481,8.025536763,10240,0,0,0,50818
482,8.042224917,10240,0,0,0,50818
483,8.058913070,10240,0,0,0,50818
484,8.075601223,10240,0,0,0,50818
485,8.092289377,10240,0,0,0,50818
486,8.108977530,10240,0,0,0,50818
487,8.125665683,10240,0,0,0,50818
488,8.142353837,10240,0,0,0,50818
489,8.159041990,10240,0,0,0,50818
490,8.175730143,10240,0,0,0,50818
491,8.192418297,10240,0,0,0,50818
492,8.209106450,10240,0,0,0,50818
493,8.225794603,10240,0,0,0,50818
494,8.242482757,10240,0,0,0,50818
495,8.259170910,10240,0,0,0,50818
496,8.275859063,10240,0,0,0,50818
497,8.292547217,10240,0,0,0,50818
498,8.309235370,10240,0,0,0,50818
499,8.325923523,10240,0,0,0,50818
500,8.342611677,10240,0,0,0,50818
501,8.359299830,10240,0,0,0,50818
502,8.375987983,10240,0,0,0,50818
503,8.392676137,10240,0,0,0,50818
504,8.409364290,10240,0,0,0,50818
505,8.426052443,10240,0,0,0,50818
506,8.442740597,10240,0,0,0,50818
507,8.459428750,10240,0,0,0,50818
508,8.476116903,10240,0,0,0,50818
509,8.492805057,10240,0,0,0,50818
510,8.509493210,10240,0,0,0,50818
511,8.526181363,10240,0,0,0,50818
512,8.542869517,10240,0,0,0,50818
513,8.559557670,10240,0,0,0,50818
514,8.576245823,10240,0,0,0,50818
515,8.592933977,10240,0,0,0,50818
516,8.609622130,10240,0,0,0,50818
517,8.626310283,10240,0,0,0,50818
518,8.642998437,10240,0,0,0,50818
519,8.659686590,10240,0,0,0,50818
520,8.676374743,10240,0,0,0,50818
521,8.693062897,10240,0,0,0,50818
522,8.709751050,10240,0,0,0,50818
523,8.726439203,10240,0,0,0,50818
524,8.743127357,10240,0,0,0,50818
525,8.759815510,10240,0,0,0,50818
526,8.776503663,10240,0,0,0,50818
527,8.793191817,10240,0,0,0,50818
528,8.809879970,10240,0,0,0,50818
529,8.826568123,10240,0,0,0,50818
530,8.843256277,10240,0,0,0,50818
531,8.859944430,10240,0,0,0,50818
532,8.876632583,10240,0,0,0,50818
533,8.893320737,10240,0,0,0,50818
534,8.910008890,10240,0,0,0,50818
535,8.926697043,10240,0,0,0,50818
536,8.943385197,10240,0,0,0,50818
537,8.960073350,10240,0,0,0,50818
538,8.976761503,10240,0,0,0,50818
539,8.993449657,10240,0,0,0,50818
540,9.010137810,10240,0,0,0,50818
541,9.026825963,10240,0,0,0,50818
542,9.043514117,10240,0,0,0,50818
543,9.060202270,10240,0,0,0,50818
544,9.076890423,10240,0,0,0,50818
545,9.093578577,10240,0,0,0,50818
546,9.110266730,10240,0,0,0,50818
547,9.126954883,10240,0,0,0,50818
548,9.143643037,10240,0,0,0,50818
549,9.160331190,10240,0,0,0,50818
550,9.177019343,10240,0,0,0,50818
551,9.193707497,10240,0,0,0,50818
552,9.210395650,10240,0,0,0,50818
553,9.227083803,10240,0,0,0,50818
554,9.243771957,10240,0,0,0,50818
555,9.260460110,10240,0,0,0,50818
556,9.277148263,10240,0,0,0,50818
557,9.293836417,10240,0,0,0,50818
558,9.310524570,10240,0,0,0,50818
559,9.327212723,10240,0,0,0,50818
560,9.343900877,10240,0,0,0,50818
561,9.360589030,10240,0,0,0,50818
562,9.377277183,10240,0,0,0,50818
563,9.393965337,10240,0,0,0,50818
564,9.410653490,10240,0,0,0,50818
565,9.427341643,10240,0,0,0,50818
566,9.444029797,10240,0,0,0,50818
567,9.460717950,10240,0,0,0,50818
568,9.477406103,10240,0,0,0,50818
569,9.494094257,10240,0,0,0,50818
570,9.510782410,10240,0,0,0,50818
571,9.527470563,10240,0,0,0,50818
572,9.544158717,10240,0,0,0,50818
573,9.560846870,10240,0,0,0,50818
574,9.577535023,10240,0,0,0,50818
575,9.594223177,10240,0,0,0,50818
576,9.610911330,10240,0,0,0,50818
577,9.627599483,10240,0,0,0,50818
578,9.644287637,10240,0,0,0,50818
579,9.660975790,10240,0,0,0,50818
580,9.677663943,10240,0,0,0,50818
581,9.694352097,10240,0,0,0,50818
582,9.711040250,10240,0,0,0,50818
583,9.727728403,10240,0,0,0,50818
584,9.744416557,10240,0,0,0,50818
585,9.761104710,10240,0,0,0,50818
586,9.777792863,10240,0,0,0,50818
587,9.794481017,10240,0,0,0,50818
588,9.811169170,10240,0,0,0,50818
589,9.827857323,10240,0,0,0,50818
590,9.844545477,10240,0,0,0,50818
591,9.861233630,10240,0,0,0,50818
592,9.877921783,10240,0,0,0,50818
593,9.894609937,10240,0,0,0,50818
594,9.911298090,10240,0,0,0,50818
595,9.927986243,10240,0,0,0,50818
596,9.944674397,10240,0,0,0,50818
597,9.961362550,10240,0,0,0,50818
598,9.978050703,10240,0,0,0,50818
599,9.994738857,10240,0,0,0,50818
600,10.011427010,10240,0,0,0,50818
601,10.028115163,10240,0,0,0,50818
602,10.044803317,10240,0,0,0,50818
603,10.061491470,10240,0,0,0,50818
604,10.078179623,10240,0,0,0,50818
605,10.094867777,10240,0,0,0,50818
606,10.111555930,10240,0,0,0,50818
607,10.128244083,10240,0,0,0,50818
608,10.144932237,10240,0,0,0,50818
609,10.161620390,10240,0,0,0,50818
610,10.178308543,10240,0,0,0,50818
611,10.194996697,10240,0,0,0,50818
612,10.211684850,10240,0,0,0,50818
613,10.228373003,10240,0,0,0,50818
614,10.245061157,10240,0,0,0,50818
615,10.261749310,10240,0,0,0,50818
616,10.278437464,10240,0,0,0,50818
617,10.295125617,10240,0,0,0,50818
618,10.311813770,10240,0,0,0,50818
619,10.328501924,10240,0,0,0,50818
620,10.345190077,10240,0,0,0,50818
621,10.361878230,10240,0,0,0,50818
622,10.378566384,10240,0,0,0,50818
623,10.395254537,10240,0,0,0,50818
624,10.411942690,10240,0,0,0,50818
625,10.428630844,10240,0,0,0,50818
626,10.445318997,10240,0,0,0,50818
627,10.462007150,10240,0,0,0,50818
628,10.478695304,10240,0,0,0,50818
629,10.495383457,10240,0,0,0,50818
630,10.512071610,10240,0,0,0,50818
631,10.528759764,10240,0,0,0,50818
632,10.545447917,10240,0,0,0,50818
633,10.562136070,10240,0,0,0,50818
634,10.578824224,10240,0,0,0,50818
635,10.595512377,10240,0,0,0,50818
636,10.612200530,10240,0,0,0,50818
637,10.628888684,10240,0,0,0,50818
638,10.645576837,10240,0,0,0,50818
639,10.662264990,10240,0,0,0,50818
640,10.678953144,10240,0,0,0,50818
641,10.695641297,10240,0,0,0,51393
642,10.712329450,10240,0,0,0,51393
643,10.729017604,10240,0,0,0,51393
644,10.745705757,10240,0,0,0,51393
645,10.762393910,10240,0,0,0,51307
646,10.779082064,10240,0,0,0,51395
647,10.795770217,10240,0,0,0,51393
648,10.812458370,10240,0,0,0,51393
649,10.829146524,10240,0,0,0,51393
650,10.845834677,10240,0,0,0,51393
651,10.862522830,10240,0,0,0,51393
652,10.879210984,10240,0,0,0,51393
653,10.895899137,10240,0,0,0,51395
654,10.912587290,10240,0,0,0,51394
655,10.929275444,10240,0,0,0,51395
656,10.945963597,10240,0,0,0,51393
657,10.962651750,10240,0,0,0,51393
658,10.979339904,10240,0,0,0,51393
659,10.996028057,10240,0,0,0,51395
660,11.012716210,10240,0,0,0,51395
661,11.029404364,10240,0,0,0,51393
662,11.046092517,10240,0,0,0,51395
663,11.062780670,10240,0,0,0,51392
664,11.079468824,10240,0,0,0,51395
665,11.096156977,10240,0,0,0,51393
666,11.112845130,10240,0,0,0,51393
667,11.129533284,10240,0,0,0,51395
668,11.146221437,10240,0,0,0,51393
669,11.162909590,10240,0,0,0,51393
670,11.179597744,10240,0,0,0,51400
671,11.196285897,10240,0,0,0,51395
672,11.212974050,10240,0,0,0,51393
673,11.229662204,10240,0,0,0,51393
674,11.246350357,10240,0,0,0,51395
675,11.263038510,10240,0,0,0,51393
676,11.279726664,10240,0,0,0,51393
677,11.296414817,10240,0,0,0,51393
678,11.313102970,10240,0,0,0,51393
679,11.329791124,10240,0,0,0,51395
680,11.346479277,10240,0,0,0,51393
681,11.363167430,10240,0,0,0,51393
682,11.379855584,10240,0,0,0,51393
683,11.396543737,10240,0,0,0,51392
684,11.413231890,10240,0,0,0,51392
685,11.429920044,10240,0,0,0,51395
686,11.446608197,10240,0,0,0,51393
687,11.463296350,10240,0,0,0,51395
688,11.479984504,10240,0,0,0,51393
689,11.496672657,10240,0,0,0,51393
690,11.513360810,10240,0,0,0,51393
691,11.530048964,10240,0,0,0,51395
692,11.546737117,10240,0,0,0,51395
693,11.563425270,10240,0,0,0,51395
694,11.580113424,10240,0,0,0,51393
695,11.596801577,10240,0,0,0,51393
696,11.613489730,10240,0,0,0,51393
697,11.630177884,10240,0,0,0,51395
698,11.646866037,10240,0,0,0,51392
699,11.663554190,10240,0,0,0,51392
700,11.680242344,10240,0,0,0,51393
701,11.696930497,10240,0,0,0,51393
702,11.713618650,10240,0,0,0,51393
703,11.730306804,10240,0,0,0,51393
704,11.746994957,10240,0,0,0,51392
705,11.763683110,10240,0,0,0,51393
706,11.780371264,10240,0,0,0,51393
707,11.797059417,10240,0,0,0,51395
708,11.813747570,10240,0,0,0,51400
709,11.830435724,10240,0,0,0,51393
710,11.847123877,10240,0,0,0,51393
711,11.863812030,10240,0,0,0,51393
712,11.880500184,10240,0,0,0,51393
713,11.897188337,10240,0,0,0,51395
714,11.913876490,10240,0,0,0,51395
715,11.930564644,10240,0,0,0,51309
716,11.947252797,10240,0,0,0,51395
717,11.963940950,10240,0,0,0,51395
718,11.980629104,10240,0,0,0,51394
719,11.997317257,10240,0,255,0,50469
720,12.014005410,10240,0,255,0,50471
721,12.030693564,10240,1,255,0,51849
722,12.047381717,10240,1,255,0,51863
723,12.064069870,10240,1,255,0,51862
724,12.080758024,10240,1,255,0,51852
725,12.097446177,10240,1,255,0,51818
726,12.114134330,10240,1,255,0,52003
727,12.130822484,10240,1,255,0,51975
728,12.147510637,10240,1,255,0,52025
729,12.164198790,10240,1,255,0,51971
730,12.180886944,10240,1,255,0,52050
731,12.197575097,10240,1,255,0,51855
732,12.214263250,10240,1,255,0,52086
733,12.230951404,10240,1,255,0,52070
734,12.247639557,10240,0,255,0,50193
735,12.264327710,10240,1,255,0,52065
736,12.281015864,10240,1,255,0,52053
737,12.297704017,10240,1,255,0,52082
738,12.314392170,10240,1,255,0,52050
739,12.331080324,10240,1,255,0,51873
740,12.347768477,10240,0,255,255,50916
741,12.364456630,4096,2,255,0,50466
742,12.381144784,4096,2,255,0,50187
743,12.397832937,4096,3,255,0,51892
744,12.414521090,4096,3,255,0,52066
745,12.431209244,4096,3,255,0,51867
746,12.447897397,4096,3,255,0,52068
747,12.464585550,4096,3,255,0,52063
748,12.481273704,4096,3,255,0,51865
749,12.497961857,4096,3,255,0,52082
750,12.514650010,4096,3,255,0,52058
751,12.531338164,4096,3,255,0,51862
752,12.548026317,4096,3,255,0,52106
753,12.564714470,4096,3,255,0,52090
754,12.581402624,4096,3,255,0,52100
755,12.598090777,4096,3,255,0,52096
756,12.614778930,4096,3,255,0,52017
757,12.631467084,4096,3,255,0,52076
758,12.648155237,4096,3,255,0,52102
759,12.664843390,4096,2,255,255,50916
760,12.681531544,10240,4,255,0,50466
761,12.698219697,10240,4,255,0,51897
762,12.714907850,10240,5,255,0,52068
763,12.731596004,10240,4,255,0,54143
764,12.748284157,10240,4,255,0,50169
765,12.764972310,10240,5,255,0,52084
766,12.781660464,10240,5,255,0,51849
767,12.798348617,10240,5,255,0,51859
768,12.815036770,10240,5,255,0,52028
769,12.831724924,10240,5,255,0,52106
770,12.848413077,10240,5,255,0,52074
771,12.865101230,10240,5,255,0,52032
772,12.881789384,10240,4,255,0,50230
773,12.898477537,10240,5,255,0,51851
774,12.915165690,10240,5,255,0,52100
775,12.931853844,10240,5,255,0,51851
776,12.948541997,10240,5,255,0,51821
777,12.965230150,10240,4,255,255,50916
778,12.981918304,4096,6,255,0,50471
779,12.998606457,4096,6,255,0,51897
780,13.015294610,4096,6,255,0,50176
781,13.031982764,4096,7,255,0,51849
782,13.048670917,4096,7,255,0,51879
783,13.065359070,4096,7,255,0,51934
784,13.082047224,4096,7,255,0,51865
785,13.098735377,4096,7,255,0,52100
786,13.115423530,4096,7,255,0,51924
787,13.132111684,4096,7,255,0,52028
788,13.148799837,4096,7,255,0,52070
789,13.165487990,4096,7,255,0,51853
790,13.182176144,4096,7,255,0,51851
791,13.198864297,4096,7,255,0,52087
792,13.215552450,4096,7,255,0,52106
793,13.232240604,4096,7,255,0,52106
794,13.248928757,4096,6,255,0,50169
795,13.265616910,4096,6,255,255,50916
796,13.282305064,10240,8,255,0,50466
797,13.298993217,10240,8,255,0,51897
798,13.315681370,10240,8,255,0,50222
799,13.332369524,10240,9,255,0,51861
800,13.349057677,10240,9,255,0,51849
801,13.365745830,10240,9,255,0,51865
802,13.382433984,10240,9,255,0,52088
803,13.399122137,10240,9,255,0,52055
804,13.415810290,10240,9,255,0,51855
805,13.432498444,10240,9,255,0,52064
806,13.449186597,10240,9,255,0,52072
807,13.465874750,10240,9,255,0,52062
808,13.482562904,10240,9,255,0,52055
809,13.499251057,10240,9,255,0,51917
810,13.515939210,10240,9,255,0,51940
811,13.532627364,10240,9,255,0,52073
812,13.549315517,10240,9,255,0,52096
813,13.566003670,10240,8,255,255,50916
814,13.582691824,4096,10,255,0,50471
815,13.599379977,4096,10,255,0,51897
816,13.616068130,4096,10,255,0,50222
817,13.632756284,4096,11,255,0,51860
818,13.649444437,4096,11,255,0,51847
819,13.666132590,4096,11,255,0,51864
820,13.682820744,4096,11,255,0,52085
821,13.699508897,4096,11,255,0,52105
822,13.716197050,4096,11,255,0,51849
823,13.732885204,4096,11,255,0,52060
824,13.749573357,4096,10,255,0,52109
825,13.766261510,4096,11,255,0,52102
826,13.782949664,4096,11,255,0,52102
827,13.799637817,4096,11,255,0,51861
828,13.816325970,4096,11,255,0,51851
829,13.833014124,4096,11,255,0,52076
830,13.849702277,4096,10,255,0,54146
831,13.866390430,4096,10,255,255,50916
832,13.883078584,10240,12,255,0,50466
833,13.899766737,10240,12,255,0,51897
834,13.916454890,10240,12,255,0,50222
835,13.933143044,10240,13,255,0,51861
836,13.949831197,10240,13,255,0,51849
837,13.966519350,10240,13,255,0,51865
838,13.983207504,10240,13,255,0,52086
839,13.999895657,10240,13,255,0,52015
840,14.016583810,10240,13,255,0,51853
841,14.033271964,10240,13,255,0,52032
842,14.049960117,10240,12,255,0,50186
843,14.066648270,10240,13,255,0,52086
844,14.083336424,10240,12,255,0,50198
845,14.100024577,10240,13,255,0,51847
846,14.116712730,10240,13,255,0,51877
847,14.133400884,10240,12,255,0,50183
848,14.150089037,10240,13,255,0,51992
849,14.166777190,10240,12,255,255,50916
850,14.183465344,4096,14,255,0,50471
851,14.200153497,4096,14,255,0,51897
852,14.216841650,4096,14,255,0,50222
853,14.233529804,4096,15,255,0,51860
854,14.250217957,4096,15,255,0,51847
855,14.266906110,4096,15,255,0,51864
856,14.283594264,4096,15,255,0,52090
857,14.300282417,4096,15,255,0,52054
858,14.316970570,4096,15,255,0,51892
859,14.333658724,4096,15,255,0,52084
860,14.350346877,4096,15,255,0,51843
861,14.367035030,4096,15,255,0,52100
862,14.383723184,4096,14,255,0,50180
863,14.400411337,4096,15,255,0,51883
864,14.417099490,4096,15,255,0,52097
865,14.433787644,4096,15,255,0,51867
866,14.450475797,4096,15,255,0,52062
867,14.467163950,4096,14,255,255,50916
868,14.483852104,10240,16,255,0,50466
869,14.500540257,10240,16,255,0,51897
870,14.517228410,10240,16,255,0,50222
871,14.533916564,10240,17,255,0,51861
872,14.550604717,10240,17,255,0,51849
873,14.567292870,10240,17,255,0,51865
874,14.583981024,10240,17,255,0,52092
875,14.600669177,10240,17,255,0,52056
876,14.617357330,10240,17,255,0,51892
877,14.634045484,10240,17,255,0,52086
878,14.650733637,10240,17,255,0,51851
879,14.667421790,10240,17,255,0,52086
880,14.684109944,10240,17,255,0,51877
881,14.700798097,10240,17,255,0,52060
882,14.717486250,10240,16,255,0,50191
883,14.734174404,10240,17,255,0,52076
884,14.750862557,10240,17,255,0,51917
885,14.767550710,10240,16,255,255,50916
886,14.784238864,4096,18,255,0,50465
887,14.800927017,4096,18,255,0,51897
888,14.817615170,4096,18,255,0,50222
889,14.834303324,4096,19,255,0,51861
890,14.850991477,4096,19,255,0,51848
891,14.867679630,4096,19,255,0,51865
892,14.884367784,4096,19,255,0,52091
893,14.901055937,4096,19,255,0,52054
894,14.917744090,4096,19,255,0,51892
895,14.934432244,4096,19,255,0,52057
896,14.951120397,4096,19,255,0,51849
897,14.967808550,4096,19,255,0,52084
898,14.984496704,4096,19,255,0,51877
899,15.001184857,4096,19,255,0,52058
900,15.017873011,4096,18,255,0,50189
901,15.034561164,4096,19,255,0,52086
902,15.051249317,4096,19,255,0,51825
903,15.067937471,4096,18,255,255,50916
904,15.084625624,10240,20,255,0,50466
905,15.101313777,10240,20,255,0,51897
906,15.118001931,10240,20,255,0,50223
907,15.134690084,10240,21,255,0,51861
908,15.151378237,10240,21,255,0,51849
909,15.168066391,10240,21,255,0,51865
910,15.184754544,10240,21,255,0,52092
911,15.201442697,10240,21,255,0,52057
912,15.218130851,10240,21,255,0,51958
913,15.234819004,10240,21,255,0,52058
914,15.251507157,10240,21,255,0,51853
915,15.268195311,10240,21,255,0,52058
916,15.284883464,10240,21,255,0,51891
917,15.301571617,10240,21,255,0,52065
918,15.318259771,10240,20,255,0,50162
919,15.334947924,10240,21,255,0,52092
920,15.351636077,10240,21,255,0,51876
921,15.368324231,10240,20,255,255,50916
922,15.385012384,4096,22,255,0,50469
923,15.401700537,4096,22,255,0,50188
924,15.418388691,4096,22,255,0,50218
925,15.435076844,4096,23,255,0,51841
926,15.451764997,4096,23,255,0,51881
927,15.468453151,4096,23,255,0,51873
928,15.485141304,4096,23,255,0,52098
929,15.501829457,4096,23,255,0,52062
930,15.518517611,4096,23,255,0,51850
931,15.535205764,4096,23,255,0,52062
932,15.551893917,4096,23,255,0,51861
933,15.568582071,4096,23,255,0,52096
934,15.585270224,4096,23,255,0,51865
935,15.601958377,4096,23,255,0,52104
936,15.618646531,4096,22,255,0,50142
937,15.635334684,4096,23,255,0,52104
938,15.652022837,4096,23,255,0,51818
939,15.668710991,4096,22,255,255,50916
940,15.685399144,10240,24,255,0,50466
941,15.702087297,10240,24,255,0,51897
942,15.718775451,10240,24,255,0,50223
943,15.735463604,10240,25,255,0,51861
944,15.752151757,10240,25,255,0,51849
945,15.768839911,10240,25,255,0,51865
946,15.785528064,10240,25,255,0,52092
947,15.802216217,10240,25,255,0,52057
948,15.818904371,10240,25,255,0,51958
949,15.835592524,10240,25,255,0,52058
950,15.852280677,10240,25,255,0,51862
951,15.868968831,10240,25,255,0,52064
952,15.885656984,10240,25,255,0,51832
953,15.902345137,10240,25,255,0,52073
954,15.919033291,10240,25,255,0,51825
955,15.935721444,10240,25,255,0,52072
956,15.952409597,10240,25,255,0,51735
957,15.969097751,10240,24,255,255,50916
958,15.985785904,4096,26,255,0,50465
959,16.002474057,4096,26,255,0,51897
960,16.019162211,4096,26,255,0,50222
961,16.035850364,4096,27,255,0,51860
962,16.052538517,4096,27,255,0,51847
963,16.069226671,4096,27,255,0,51864
964,16.085914824,4096,27,255,0,52090
965,16.102602977,4096,27,255,0,52054
966,16.119291131,4096,27,255,0,51892
967,16.135979284,4096,27,255,0,52056
968,16.152667437,4096,27,255,0,51861
969,16.169355591,4096,27,255,0,52062
970,16.186043744,4096,27,255,0,51830
971,16.202731897,4096,27,255,0,52070
972,16.219420051,4096,27,255,0,51823
973,16.236108204,4096,27,255,0,52070
974,16.252796357,4096,27,255,0,51733
975,16.269484511,4096,26,255,255,50916
976,16.286172664,10240,28,255,0,50466
977,16.302860817,10240,28,255,0,51897
978,16.319548971,10240,28,255,0,50222
979,16.336237124,10240,29,255,0,51861
980,16.352925277,10240,29,255,0,51849
981,16.369613431,10240,29,255,0,51865
982,16.386301584,10240,29,255,0,52099
983,16.402989737,10240,29,255,0,52062
984,16.419677891,10240,29,255,0,51851
985,16.436366044,10240,29,255,0,52098
986,16.453054197,10240,29,255,0,51841
987,16.469742351,10240,29,255,0,52070
988,16.486430504,10240,29,255,0,51948
989,16.503118657,10240,29,255,0,52083
990,16.519806811,10240,29,255,0,51921
991,16.536494964,10240,29,255,0,52054
992,16.553183117,10240,29,255,0,51994
993,16.569871271,10240,28,255,255,50916
994,16.586559424,4096,30,255,0,50471
995,16.603247577,4096,30,255,0,51897
996,16.619935731,4096,30,255,0,50222
997,16.636623884,4096,31,255,0,51860
998,16.653312037,4096,31,255,0,51847
999,16.670000191,4096,31,255,0,51864
1000,16.686688344,4096,31,255,0,52090
1001,16.703376497,4096,31,255,0,52054
1002,16.720064651,4096,31,255,0,51892
1003,16.736752804,4096,31,255,0,52090
1004,16.753440957,4096,31,255,0,51861
1005,16.770129111,4096,31,255,0,52096
1006,16.786817264,4096,31,255,0,51843
1007,16.803505417,4096,31,255,0,52082
1008,16.820193571,4096,31,255,0,51861
1009,16.836881724,4096,31,255,0,52053
1010,16.853569877,4096,31,255,0,52056
1011,16.870258031,4096,30,255,255,50916
1012,16.886946184,10240,30,0,0,50465
1013,16.903634337,10240,30,0,255,49421
1014,16.920322491,4096,30,0,0,50469
1015,16.937010644,4096,30,0,0,50021
1016,16.953698797,4096,30,0,255,50832
1017,16.970386951,10240,30,0,0,50828
1018,16.987075104,10240,30,0,0,50398
1019,17.003763257,10240,30,0,0,52349
1020,17.020451411,10240,30,0,0,52439
1021,17.037139564,10240,30,0,0,52358
1022,17.053827717,10240,30,0,0,52355
1023,17.070515871,10240,30,0,0,50398
1024,17.087204024,10240,30,0,0,52355
1025,17.103892177,10240,30,0,0,50411
1026,17.120580331,10240,30,0,0,52363
1027,17.137268484,10240,30,0,0,52375
1028,17.153956637,10240,30,0,0,50406
1029,17.170644791,10240,30,0,0,50026
1030,17.187332944,10240,30,0,0,50401
1031,17.204021097,10240,30,0,0,52361
1032,17.220709251,10240,30,0,0,53550
1033,17.237397404,10240,30,0,0,52380
1034,17.254085557,10240,30,0,0,52318
1035,17.270773711,10240,30,0,0,50401
1036,17.287461864,10240,30,0,0,52335
1037,17.304150017,10240,30,0,0,52368
1038,17.320838171,10240,30,0,0,52358
1039,17.337526324,10240,30,0,0,50397
1040,17.354214477,10240,30,0,0,52330
1041,17.370902631,10240,30,0,0,50401
1042,17.387590784,10240,30,0,0,52363
1043,17.404278937,10240,30,0,0,50397
1044,17.420967091,10240,30,0,0,52366
1045,17.437655244,10240,30,0,0,50398
1046,17.454343397,10240,30,0,0,50017
1047,17.471031551,10240,30,0,0,50404
1048,17.487719704,10240,30,0,0,52349
1049,17.504407857,10240,30,0,0,50401
1050,17.521096011,10240,30,0,0,52368
1051,17.537784164,10240,30,0,0,53543
1052,17.554472317,10240,30,0,0,52328
1053,17.571160471,10240,30,0,0,52352
1054,17.587848624,10240,30,0,0,52324
1055,17.604536777,10240,30,0,0,52441
1056,17.621224931,10240,30,0,0,50401
1057,17.637913084,10240,30,0,0,52492
1058,17.654601237,10240,30,0,0,52377
1059,17.671289391,10240,30,0,0,52358
1060,17.687977544,10240,30,0,0,52330
1061,17.704665697,10240,30,0,0,50401
1062,17.721353851,10240,30,0,0,50410
1063,17.738042004,10240,30,0,0,50019
1064,17.754730157,10240,30,0,0,50401
1065,17.771418311,10240,30,0,0,50403
1066,17.788106464,10240,30,0,0,52374
1067,17.804794617,10240,30,0,0,52363
1068,17.821482771,10240,30,0,0,50026
1069,17.838170924,10240,30,0,0,50419
1070,17.854859077,10240,30,0,0,52363
1071,17.871547231,10240,30,0,0,50398
1072,17.888235384,10240,30,0,0,50401
1073,17.904923537,10240,30,0,0,50397
1074,17.921611691,10240,30,0,0,52448
1075,17.938299844,10240,30,0,0,53545
1076,17.954987997,10240,30,0,0,53545
1077,17.971676151,10240,30,0,0,50018
1078,17.988364304,10240,30,0,0,50028
1079,18.005052457,10240,30,0,0,52443
1080,18.021740611,10240,30,0,0,52318
1081,18.038428764,10240,30,0,0,50401
1082,18.055116917,10240,30,0,0,52369
1083,18.071805071,10240,30,0,0,52353
1084,18.088493224,10240,30,0,0,52355
1085,18.105181377,10240,30,0,0,50410
1086,18.121869531,10240,30,0,0,50403
1087,18.138557684,10240,30,0,0,50396
1088,18.155245837,10240,30,0,0,52358
1089,18.171933991,10240,30,0,0,50398
1090,18.188622144,10240,30,0,0,50401
1091,18.205310297,10240,30,0,0,50403
1092,18.221998451,10240,30,0,0,52380
1093,18.238686604,10240,30,0,0,50398
1094,18.255374757,10240,30,0,0,50410
1095,18.272062911,10240,30,0,0,52358
1096,18.288751064,10240,30,0,0,50010
1097,18.305439217,10240,30,0,0,50022
1098,18.322127371,10240,30,0,0,50396
1099,18.338815524,10240,30,0,0,52365
1100,18.355503677,10240,30,0,0,50396
1101,18.372191831,10240,30,0,0,50410
1102,18.388879984,10240,30,0,0,50398
1103,18.405568137,10240,30,0,0,52441
1104,18.422256291,10240,30,0,0,50398
1105,18.438944444,10240,30,0,0,50396
1106,18.455632597,10240,30,0,0,52360
1107,18.472320751,10240,30,0,0,52316
1108,18.489008904,10240,30,0,0,50403
1109,18.505697057,10240,30,0,0,50403
1110,18.522385211,10240,30,0,0,50396
1111,18.539073364,10240,30,0,0,50406
1112,18.555761517,10240,30,0,0,52476
1113,18.572449671,10240,30,0,0,52315
1114,18.589137824,10240,30,0,0,52355
1115,18.605825977,10240,30,0,0,52372
1116,18.622514131,10240,30,0,0,50387
1117,18.639202284,10240,30,0,0,50403
1118,18.655890437,10240,30,0,0,50023
1119,18.672578591,10240,30,0,0,52327
1120,18.689266744,10240,30,0,0,50396
1121,18.705954897,10240,30,0,0,50403
1122,18.722643051,10240,30,0,0,50393
1123,18.739331204,10240,30,0,0,50412
1124,18.756019357,10240,30,0,0,50395
1125,18.772707511,10240,30,0,0,50018
1126,18.789395664,10240,30,0,0,50019
1127,18.806083817,10240,30,0,0,52313
1128,18.822771971,10240,30,0,0,50400
1129,18.839460124,10240,30,0,0,53543
1130,18.856148277,10240,30,0,0,52363
1131,18.872836431,10240,30,0,0,52335
1132,18.889524584,10240,30,0,0,50401
1133,18.906212737,10240,30,0,0,52426
1134,18.922900891,10240,30,0,0,50401
1135,18.939589044,10240,30,0,0,50396
1136,18.956277197,10240,30,0,0,50026
1137,18.972965351,10240,30,0,0,50401
1138,18.989653504,10240,30,0,0,50412
1139,19.006341657,10240,30,0,0,50396
1140,19.023029811,10240,30,0,0,50401
1141,19.039717964,10240,30,0,0,52442
1142,19.056406117,10240,30,0,0,52315
1143,19.073094271,10240,30,0,0,50398
1144,19.089782424,10240,30,0,0,50401
1145,19.106470577,10240,30,0,0,52441
1146,19.123158731,10240,30,0,0,50402
1147,19.139846884,10240,30,0,0,52358
1148,19.156535037,10240,30,0,0,50401
1149,19.173223191,10240,30,0,0,50418
1150,19.189911344,10240,30,0,0,50396
1151,19.206599497,10240,30,0,0,50401
1152,19.223287651,10240,30,0,0,50396
1153,19.239975804,10240,30,0,0,52336
1154,19.256663957,10240,30,0,0,50403
1155,19.273352111,10240,30,0,0,50004
1156,19.290040264,10240,30,0,0,50398
1157,19.306728417,10240,30,0,0,52324
1158,19.323416571,10240,30,0,0,50403
1159,19.340104724,10240,30,0,0,50402
1160,19.356792877,10240,30,0,0,52359
1161,19.373481031,10240,30,0,0,52378
1162,19.390169184,10240,30,0,0,50401
1163,19.406857337,10240,30,0,0,50397
1164,19.423545491,10240,30,0,0,50033
1165,19.440233644,10240,30,0,0,50403
1166,19.456921797,10240,30,0,0,50397
1167,19.473609951,10240,30,0,0,52299
1168,19.490298104,10240,30,0,0,50394
1169,19.506986257,10240,30,0,0,52436
1170,19.523674411,10240,30,0,0,50396
1171,19.540362564,10240,30,0,0,50402
1172,19.557050717,10240,30,0,0,52337
1173,19.573738871,10240,30,0,0,50414
1174,19.590427024,10240,30,0,0,50396
1175,19.607115177,10240,30,0,0,52358
1176,19.623803331,10240,30,0,0,52348
1177,19.640491484,10240,30,0,0,52366
1178,19.657179637,10240,30,0,0,52365
1179,19.673867791,10240,30,0,0,52465
1180,19.690555944,10240,30,0,0,50022
1181,19.707244098,10240,30,0,0,50412
1182,19.723932251,10240,30,0,0,52363
1183,19.740620404,10240,30,0,0,52358
1184,19.757308558,10240,30,0,0,52328
1185,19.773996711,10240,30,0,0,50403
1186,19.790684864,10240,30,0,0,50406
1187,19.807373018,10240,30,0,0,50398
1188,19.824061171,10240,30,0,0,50408
1189,19.840749324,10240,30,0,0,50397
1190,19.857437478,10240,30,0,0,52380
1191,19.874125631,10240,30,0,0,52355
1192,19.890813784,10240,30,0,0,52377
1193,19.907501938,10240,30,0,0,52368
1194,19.924190091,10240,30,0,0,52350
1195,19.940878244,10240,30,0,0,50033
1196,19.957566398,10240,30,0,0,50403
1197,19.974254551,10240,30,0,0,50401
1198,19.990942704,10240,30,0,0,52300
1199,20.007630858,10240,30,0,0,52363
1200,20.024319011,10240,30,0,0,52366
