1,149.190625820,2064384,128,52
2,149.207313973,2064384,128,52
3,149.224002127,2064384,128,52
4,149.240690280,2064384,128,52
5,149.257378433,2064384,128,52
6,149.274066587,2064384,128,52
7,149.290754740,2064384,128,52
8,149.307442893,2064384,128,52
9,149.324131047,2064384,128,52
10,149.340819200,2064384,128,52
11,149.357507353,2064384,128,52
12,149.374195507,2064384,128,52
13,149.390883660,2064384,128,52
14,149.407571813,2064384,128,52
15,149.424259967,2064384,128,52
16,149.440948120,2064384,128,52
17,149.457636273,2064384,128,52
18,149.474324427,2064384,128,52
19,149.491012580,2064384,128,52
20,149.507700733,2064384,128,52
21,149.524388887,2064384,128,52
22,149.541077040,2064384,128,52
23,149.557765193,2064384,128,52
24,149.574453347,2064384,128,52
25,149.591141500,2064384,128,52
26,149.607829653,2064384,128,52
27,149.624517807,2064384,128,52
28,149.641205960,2064384,128,52
29,149.657894113,2064384,128,52
30,149.674582267,2064384,128,52
31,149.691270420,2064384,128,52
32,149.707958573,2064384,128,52
33,149.724646727,2064384,128,52
34,149.741334880,2064384,128,52
35,149.758023033,2064384,128,52
36,149.774711187,2064384,128,52
37,149.791399340,2064384,128,52
38,149.808087493,2064384,128,52
39,149.824775647,2064384,128,52
40,149.841463800,2064384,128,52
41,149.858151953,2064384,128,52
42,149.874840107,2064384,128,52
43,149.891528260,2064384,128,52
44,149.908216413,2064384,128,52
45,149.924904567,2064384,128,52
46,149.941592720,2064384,128,52
47,149.958280873,2064384,128,52
48,149.974969027,2064384,128,52
49,149.991657180,2064384,128,52
50,150.008345333,2064384,128,52
51,150.025033487,2064384,128,52
52,150.041721640,2064384,128,52
53,150.058409793,2064384,128,52
54,150.075097947,2064384,128,52
55,150.091786100,2064384,128,52
56,150.108474253,2064384,128,52
57,150.125162407,2064384,128,52
58,150.141850560,2064384,128,52
59,150.158538713,2064384,128,52
60,150.175226867,2064384,128,52
61,150.191915020,2064384,128,52
62,150.208603173,2064384,128,52
63,150.225291327,2064384,128,52
64,150.241979480,2064384,128,52
65,150.258667633,2064384,128,52
66,150.275355787,2064384,128,52
67,150.292043940,2064384,128,52
68,150.308732093,2064384,128,52
69,150.325420247,2064384,128,52
70,150.342108400,2064384,128,52
71,150.358796553,2064384,128,52
72,150.375484707,2064384,128,52
73,150.392172860,2064384,128,52
74,150.408861013,2064384,128,52
75,150.425549167,2064384,128,52
76,150.442237320,2064384,128,52
77,150.458925473,2064384,128,52
78,150.475613627,2064384,128,52
79,150.492301780,2064384,128,52
80,150.508989933,2064384,128,52
81,150.525678087,2064384,128,52
82,150.542366240,2064384,128,52
83,150.559054393,2064384,128,52
84,150.575742547,2064384,128,52
85,150.592430700,2064384,128,52
86,150.609118853,2064384,128,52
87,150.625807007,2064384,128,52
88,150.642495160,2064384,128,52
89,150.659183313,2064384,128,52
90,150.675871467,2064384,128,52
91,150.692559620,2064384,128,52
92,150.709247773,2064384,128,52
93,150.725935927,2064384,128,52
94,150.742624080,2064384,128,52
95,150.759312233,2064384,128,52
96,150.776000387,2064384,128,52
97,150.792688540,2064384,128,52
98,150.809376693,2064384,128,52
99,150.826064847,2064384,128,52
100,150.842753000,2064384,128,52
101,150.859441153,2064384,128,52
102,150.876129307,2064384,128,52
103,150.892817460,2064384,128,52
104,150.909505613,2064384,128,52
105,150.926193767,2064384,128,52
106,150.942881920,2064384,128,52
107,150.959570073,2064384,128,52
108,150.976258227,2064384,128,52
109,150.992946380,2064384,128,52
110,151.009634533,2064384,128,52
111,151.026322687,2064384,128,52
112,151.043010840,2064384,128,52
113,151.059698993,2064384,128,52
114,151.076387147,2064384,128,52
115,151.093075300,2064384,128,52
116,151.109763453,2064384,128,52
117,151.126451607,2064384,128,52
118,151.143139760,2064384,128,52
119,151.159827913,2064384,128,52
120,151.176516067,2064384,128,52
121,151.193204220,2064384,128,52
122,151.209892373,2064384,128,52
123,151.226580527,2064384,128,52
124,151.243268680,2064384,128,52
125,151.259956833,2064384,128,52
126,151.276644987,2064384,128,52
127,151.293333140,2064384,128,52
128,151.310021293,2064384,128,52
129,151.326709447,2064384,128,52
130,151.343397600,2064384,128,52
131,151.360085753,2064384,128,52
132,151.376773907,2064384,128,52
133,151.393462060,2064384,128,52
134,151.410150213,2064384,128,52
135,151.426838367,2064384,128,52
136,151.443526520,2064384,128,52
137,151.460214673,2064384,128,52
138,151.476902827,2064384,128,52
139,151.493590980,2064384,128,52
140,151.510279133,2064384,128,52
141,151.526967287,2064384,128,52
142,151.543655440,2064384,128,52
143,151.560343593,2064384,128,52
144,151.577031747,2064384,128,52
145,151.593719900,2064384,128,52
146,151.610408053,2064384,128,52
147,151.627096207,2064384,128,52
148,151.643784360,2064384,128,52
149,151.660472513,2064384,128,52
150,151.677160667,2064384,128,52
151,151.693848820,2064384,128,52
152,151.710536974,2064384,128,52
153,151.727225127,2064384,128,52
154,151.743913280,2064384,128,52
155,151.760601434,2064384,128,52
156,151.777289587,2064384,128,52
157,151.793977740,2064384,128,52
158,151.810665894,2064384,128,52
159,151.827354047,2064384,128,52
160,151.844042200,2064384,128,52
161,151.860730354,2064384,128,52
162,151.877418507,2064384,128,52
163,151.894106660,2064384,128,52
164,151.910794814,2064384,128,52
165,151.927482967,2064384,128,52
166,151.944171120,2064384,128,52
167,151.960859274,2064384,128,52
168,151.977547427,2064384,128,52
169,151.994235580,2064384,128,52
170,152.010923734,2064384,128,52
171,152.027611887,2064384,128,52
172,152.044300040,2064384,128,52
173,152.060988194,2064384,128,52
174,152.077676347,2064384,128,52
175,152.094364500,2064384,128,52
176,152.111052654,2064384,128,52
177,152.127740807,2064384,128,52
178,152.144428960,2064384,128,52
179,152.161117114,2064384,128,52
180,152.177805267,2064384,128,52
181,152.194493420,2064384,128,52
182,152.211181574,2064384,128,52
183,152.227869727,2064384,128,52
184,152.244557880,2064384,128,52
185,152.261246034,2064384,128,52
186,152.277934187,2064384,128,52
187,152.294622340,2064384,128,52
188,152.311310494,2064384,128,52
189,152.327998647,2064384,128,52
190,152.344686800,2064384,128,52
191,152.361374954,2064384,128,52
192,152.378063107,2064384,128,52
193,152.394751260,2064384,128,52
194,152.411439414,2064384,128,52
195,152.428127567,2064384,128,52
196,152.444815720,2064384,128,52
197,152.461503874,2064384,128,52
198,152.478192027,2064384,128,52
199,152.494880180,2064384,128,52
200,152.511568334,2064384,128,52
201,152.528256487,2064384,128,52
202,152.544944640,2064384,128,52
203,152.561632794,2064384,128,52
204,152.578320947,2064384,128,52
205,152.595009100,2064384,128,52
206,152.611697254,2064384,128,52
207,152.628385407,2064384,128,52
208,152.645073560,2064384,128,52
209,152.661761714,2064384,128,52
210,152.678449867,2064384,128,52
211,152.695138020,2064384,128,52
212,152.711826174,2064384,128,52
213,152.728514327,2064384,128,52
214,152.745202480,2064384,128,52
215,152.761890634,2064384,128,52
216,152.778578787,2064384,128,52
217,152.795266940,2064384,128,52
218,152.811955094,2064384,128,52
219,152.828643247,2064384,128,52
220,152.845331400,2064384,128,52
221,152.862019554,2064384,128,52
222,152.878707707,2064384,128,52
223,152.895395860,2064384,128,52
224,152.912084014,2064384,128,52
225,152.928772167,2064384,128,52
226,152.945460320,2064384,128,52
227,152.962148474,2064384,128,52
228,152.978836627,2064384,128,52
229,152.995524780,2064384,128,52
230,153.012212934,2064384,128,52
231,153.028901087,2064384,128,52
232,153.045589240,2064384,128,52
233,153.062277394,2064384,128,52
234,153.078965547,2064384,128,52
235,153.095653700,2064384,128,52
236,153.112341854,2064384,128,52
237,153.129030007,2064384,128,52
238,153.145718160,2064384,128,52
239,153.162406314,2064384,128,52
240,153.179094467,2064384,128,52
241,153.195782620,2064384,128,52
242,153.212470774,2064384,128,52
243,153.229158927,2064384,128,52
244,153.245847080,2064384,128,52
245,153.262535234,2064384,128,52
246,153.279223387,2064384,128,52
247,153.295911540,2064384,128,52
248,153.312599694,2064384,128,52
249,153.329287847,2064384,128,52
250,153.345976000,2064384,128,52
251,153.362664154,2064384,128,52
252,153.379352307,2064384,128,52
253,153.396040460,2064384,128,52
254,153.412728614,2064384,128,52
255,153.429416767,2064384,128,52
256,153.446104920,2064384,128,52
257,153.462793074,2064384,128,52
258,153.479481227,2064384,128,52
259,153.496169380,2064384,128,52
260,153.512857534,2064384,128,52
261,153.529545687,2064384,128,52
262,153.546233840,2064384,128,52
263,153.562921994,2064384,128,52
264,153.579610147,2064384,128,52
265,153.596298300,2064384,128,52
266,153.612986454,2064384,128,52
267,153.629674607,2064384,128,52
268,153.646362760,2064384,128,52
269,153.663050914,2064384,128,52
270,153.679739067,2064384,128,52
271,153.696427220,2064384,128,52
272,153.713115374,2064384,128,52
273,153.729803527,2064384,128,52
274,153.746491680,2064384,128,52
275,153.763179834,2064384,128,52
276,153.779867987,2064384,128,52
277,153.796556140,2064384,128,52
278,153.813244294,2064384,128,52
279,153.829932447,2064384,128,52
280,153.846620600,2064384,128,52
281,153.863308754,2064384,128,52
282,153.879996907,2064384,128,52
283,153.896685060,2064384,128,52
284,153.913373214,2064384,128,52
285,153.930061367,2064384,128,52
286,153.946749520,2064384,128,52
287,153.963437674,2064384,128,52
288,153.980125827,2064384,128,52
289,153.996813980,2064384,128,52
290,154.013502134,2064384,128,52
291,154.030190287,2064384,128,52
292,154.046878440,2064384,128,52
293,154.063566594,2064384,128,52
294,154.080254747,2064384,128,52
295,154.096942900,2064384,128,52
296,154.113631054,2064384,128,52
297,154.130319207,2064384,128,52
298,154.147007360,2064384,128,52
299,154.163695514,2064384,128,52
300,154.180383667,2064384,128,52
301,154.197071820,2064384,128,52
302,154.213759974,2064384,128,52
303,154.230448127,2064384,128,52
304,154.247136280,2064384,128,52
305,154.263824434,2064384,128,52
306,154.280512587,2064384,128,52
307,154.297200740,2064384,128,52
308,154.313888894,2064384,128,52
309,154.330577047,2064384,128,52
310,154.347265200,2064384,128,52
311,154.363953354,2064384,128,52
312,154.380641507,2064384,128,52
313,154.397329660,2064384,128,52
314,154.414017814,2064384,128,52
315,154.430705967,2064384,128,52
316,154.447394120,2064384,128,52
317,154.464082274,2064384,128,52
318,154.480770427,2064384,128,52
319,154.497458580,2064384,128,52
320,154.514146734,2064384,128,52
321,154.530834887,2064384,128,52
322,154.547523040,2064384,128,52
323,154.564211194,2064384,128,52
324,154.580899347,2064384,128,52
325,154.597587500,2064384,128,52
326,154.614275654,2064384,128,52
327,154.630963807,2064384,128,52
328,154.647651960,2064384,128,52
329,154.664340114,2064384,128,52
330,154.681028267,2064384,128,52
331,154.697716420,2064384,128,52
332,154.714404574,2064384,128,52
333,154.731092727,2064384,128,52
334,154.747780880,2064384,128,52
335,154.764469034,2064384,128,52
336,154.781157187,2064384,128,52
337,154.797845340,2064384,128,52
338,154.814533494,2064384,128,52
339,154.831221647,2064384,128,52
340,154.847909800,2064384,128,52
341,154.864597954,2064384,128,52
342,154.881286107,2064384,128,52
343,154.897974260,2064384,128,52
344,154.914662414,2064384,128,52
345,154.931350567,2064384,128,52
346,154.948038720,2064384,128,52
347,154.964726874,2064384,128,52
348,154.981415027,2064384,128,52
349,154.998103180,2064384,128,52
350,155.014791334,2064384,128,52
351,155.031479487,2064384,128,52
352,155.048167640,2064384,128,52
353,155.064855794,2064384,128,52
354,155.081543947,2064384,128,52
355,155.098232100,2064384,128,52
356,155.114920254,2064384,128,52
357,155.131608407,2064384,128,52
358,155.148296560,2064384,128,52
359,155.164984714,2064384,128,52
360,155.181672867,2064384,128,52
361,155.198361020,2064384,128,52
362,155.215049174,2064384,128,52
363,155.231737327,2064384,128,52
364,155.248425480,2064384,128,52
365,155.265113634,2064384,128,52
366,155.281801787,2064384,128,52
367,155.298489940,2064384,128,52
368,155.315178094,2064384,128,52
369,155.331866247,2064384,128,52
370,155.348554400,2064384,128,52
371,155.365242554,2064384,128,52
372,155.381930707,2064384,128,52
373,155.398618860,2064384,128,52
374,155.415307014,2064384,128,52
375,155.431995167,2064384,128,52
376,155.448683320,2064384,128,52
377,155.465371474,2064384,128,52
378,155.482059627,2064384,128,52
379,155.498747780,2064384,128,52
380,155.515435934,2064384,128,52
381,155.532124087,2064384,128,52
382,155.548812240,2064384,128,52
383,155.565500394,2064384,128,52
384,155.582188547,2064384,128,52
385,155.598876700,2064384,128,52
386,155.615564854,2064384,128,52
387,155.632253007,2064384,128,52
388,155.648941160,2064384,128,52
389,155.665629314,2064384,128,52
390,155.682317467,2064384,128,52
391,155.699005620,2064384,128,52
392,155.715693774,2064384,128,52
393,155.732381927,2064384,128,52
394,155.749070080,2064384,128,52
395,155.765758234,2064384,128,52
396,155.782446387,2064384,128,52
397,155.799134540,2064384,128,52
398,155.815822694,2064384,128,52
399,155.832510847,2064384,128,52
400,155.849199000,2064384,128,52
401,155.865887154,2064384,128,52
402,155.882575307,2064384,128,52
403,155.899263460,2064384,128,52
404,155.915951614,2064384,128,52
405,155.932639767,2064384,128,52
406,155.949327920,2064384,128,52
407,155.966016074,2064384,128,52
408,155.982704227,2064384,128,52
409,155.999392380,2064384,128,52
410,156.016080534,2064384,128,52
411,156.032768687,2064384,128,52
412,156.049456840,2064384,128,52
413,156.066144994,2064384,128,52
414,156.082833147,2064384,128,52
415,156.099521300,2064384,128,52
416,156.116209454,2064384,128,52
417,156.132897607,2064384,128,52
418,156.149585760,2064384,128,52
419,156.166273914,2064384,128,52
420,156.182962067,2064384,128,52
421,156.199650220,2064384,128,52
422,156.216338374,2064384,128,52
423,156.233026527,2064384,128,52
424,156.249714680,2064384,128,52
425,156.266402834,2064384,128,52
426,156.283090987,2064384,128,52
427,156.299779140,2064384,128,52
428,156.316467294,2064384,128,52
429,156.333155447,2064384,128,52
430,156.349843600,2064384,128,52
431,156.366531754,2064384,128,52
432,156.383219907,2064384,128,52
433,156.399908060,2064384,128,52
434,156.416596214,2064384,128,52
435,156.433284367,2064384,128,52
436,156.449972521,2064384,128,52
437,156.466660674,2064384,128,52
438,156.483348827,2064384,128,52
439,156.500036981,2064384,128,52
440,156.516725134,2064384,128,52
441,156.533413287,2064384,128,52
442,156.550101441,2064384,128,52
443,156.566789594,2064384,128,52
444,156.583477747,2064384,128,52
445,156.600165901,2064384,128,52
446,156.616854054,2064384,128,52
447,156.633542207,2064384,128,52
448,156.650230361,2064384,128,52
449,156.666918514,2064384,128,52
450,156.683606667,2064384,128,52
451,156.700294821,2064384,128,52
452,156.716982974,2064384,128,52
453,156.733671127,2064384,128,52
454,156.750359281,2064384,128,52
455,156.767047434,2064384,128,52
456,156.783735587,2064384,128,52
457,156.800423741,2064384,128,52
458,156.817111894,2064384,128,52
459,156.833800047,2064384,128,52
460,156.850488201,2064384,128,52
461,156.867176354,2064384,128,52
462,156.883864507,2064384,128,52
463,156.900552661,2064384,128,52
464,156.917240814,2064384,128,52
465,156.933928967,2064384,128,52
466,156.950617121,2064384,128,52
467,156.967305274,2064384,128,52
468,156.983993427,2064384,128,52
469,157.000681581,2064384,128,52
470,157.017369734,2064384,128,52
471,157.034057887,2064384,128,52
472,157.050746041,2064384,128,52
473,157.067434194,2064384,128,52
474,157.084122347,2064384,128,52
475,157.100810501,2064384,128,52
476,157.117498654,2064384,128,52
477,157.134186807,2064384,128,52
478,157.150874961,2064384,128,52
479,157.167563114,2064384,128,52
480,157.184251267,2064384,128,52
481,157.200939421,2064384,128,52
482,157.217627574,2064384,128,52
483,157.234315727,2064384,128,52
484,157.251003881,2064384,128,52
485,157.267692034,2064384,128,52
486,157.284380187,2064384,128,52
487,157.301068341,2064384,128,52
488,157.317756494,2064384,128,52
489,157.334444647,2064384,128,52
490,157.351132801,2064384,128,52
491,157.367820954,2064384,128,52
492,157.384509107,2064384,128,52
493,157.401197261,2064384,128,52
494,157.417885414,2064384,128,52
495,157.434573567,2064384,128,52
496,157.451261721,2064384,128,52
497,157.467949874,2064384,128,52
498,157.484638027,2064384,128,52
499,157.501326181,2064384,128,52
500,157.518014334,2064384,128,52
501,157.534702487,2064384,128,52
502,157.551390641,2064384,128,52
503,157.568078794,2064384,128,52
504,157.584766947,2064384,128,52
505,157.601455101,2064384,128,52
506,157.618143254,2064384,128,52
507,157.634831407,2064384,128,52
508,157.651519561,2064384,128,52
509,157.668207714,2064384,128,52
510,157.684895867,2064384,128,52
511,157.701584021,2064384,128,52
512,157.718272174,2064384,128,52
513,157.734960327,2064384,128,52
514,157.751648481,2064384,128,52
515,157.768336634,2064384,128,52
516,157.785024787,2064384,128,52
517,157.801712941,2064384,128,52
518,157.818401094,2064384,128,52
519,157.835089247,2064384,128,52
520,157.851777401,2064384,128,52
521,157.868465554,2064384,128,52
522,157.885153707,2064384,128,52
523,157.901841861,2064384,128,52
524,157.918530014,2064384,128,52
525,157.935218167,2064384,128,52
526,157.951906321,2064384,128,52
527,157.968594474,2064384,128,52
528,157.985282627,2064384,128,52
529,158.001970781,2064384,128,52
530,158.018658934,2064384,128,52
531,158.035347087,2064384,128,52
532,158.052035241,2064384,128,52
533,158.068723394,2064384,128,52
534,158.085411547,2064384,128,52
535,158.102099701,2064384,128,52
536,158.118787854,2064384,128,52
537,158.135476007,2064384,128,52
538,158.152164161,2064384,128,52
539,158.168852314,2064384,128,52
540,158.185540467,2064384,128,52
541,158.202228621,2064384,128,52
542,158.218916774,2064384,128,52
543,158.235604927,2064384,128,52
544,158.252293081,2064384,128,52
545,158.268981234,2064384,128,52
546,158.285669387,2064384,128,52
547,158.302357541,2064384,128,52
548,158.319045694,2064384,128,52
549,158.335733847,2064384,128,52
550,158.352422001,2064384,128,52
551,158.369110154,2064384,128,52
552,158.385798307,2064384,128,52
553,158.402486461,2064384,128,52
554,158.419174614,2064384,128,52
555,158.435862767,2064384,128,52
556,158.452550921,2064384,128,52
557,158.469239074,2064384,128,52
558,158.485927227,2064384,128,52
559,158.502615381,2064384,128,52
560,158.519303534,2064384,128,52
561,158.535991687,2064384,128,52
562,158.552679841,2064384,128,52
563,158.569367994,2064384,128,52
564,158.586056147,2064384,128,52
565,158.602744301,2064384,128,52
566,158.619432454,2064384,128,52
567,158.636120607,2064384,128,52
568,158.652808761,2064384,128,52
569,158.669496914,2064384,128,52
570,158.686185067,2064384,128,52
571,158.702873221,2064384,128,52
572,158.719561374,2064384,128,52
573,158.736249527,2064384,128,52
574,158.752937681,2064384,128,52
575,158.769625834,2064384,128,52
576,158.786313987,2064384,128,52
577,158.803002141,2064384,128,52
578,158.819690294,2064384,128,52
579,158.836378447,2064384,128,52
580,158.853066601,2064384,128,52
581,158.869754754,2064384,128,52
582,158.886442907,2064384,128,52
583,158.903131061,2064384,128,52
584,158.919819214,2064384,128,52
585,158.936507367,2064384,128,52
586,158.953195521,2064384,128,52
587,158.969883674,2064384,128,52
588,158.986571827,2064384,128,52
589,159.003259981,2064384,128,52
590,159.019948134,2064384,128,52
591,159.036636287,2064384,128,52
592,159.053324441,2064384,128,52
593,159.070012594,2064384,128,52
594,159.086700747,2064384,128,52
595,159.103388901,2064384,128,52
596,159.120077054,2064384,128,52
597,159.136765207,2064384,128,52
598,159.153453361,2064384,128,52
599,159.170141514,2064384,128,52
600,159.186829667,2064384,128,52
601,159.203517821,2064384,128,52
602,159.220205974,2064384,128,52
603,159.236894127,2064384,128,52
604,159.253582281,2064384,128,52
605,159.270270434,2064384,128,52
606,159.286958587,2064384,128,52
607,159.303646741,2064384,128,52
608,159.320334894,2064384,128,52
609,159.337023047,2064384,128,52
610,159.353711201,2064384,128,52
611,159.370399354,2064384,128,52
612,159.387087507,2064384,128,52
613,159.403775661,2064384,128,52
614,159.420463814,2064384,128,52
615,159.437151967,2064384,128,52
616,159.453840121,2064384,128,52
617,159.470528274,2064384,128,52
618,159.487216427,2064384,128,52
619,159.503904581,2064384,128,52
620,159.520592734,2064384,128,52
621,159.537280887,2064384,128,52
622,159.553969041,2064384,128,52
623,159.570657194,2064384,128,52
624,159.587345347,2064384,128,52
625,159.604033501,2064384,128,52
626,159.620721654,2064384,128,52
627,159.637409807,2064384,128,52
628,159.654097961,2064384,128,52
629,159.670786114,2064384,128,52
630,159.687474267,2064384,128,52
631,159.704162421,2064384,128,52
632,159.720850574,2064384,128,52
633,159.737538727,2064384,128,52
634,159.754226881,2064384,128,52
635,159.770915034,2064384,128,52
636,159.787603187,2064384,128,52
637,159.804291341,2064384,128,52
638,159.820979494,2064384,128,52
639,159.837667647,2064384,128,52
640,159.854355801,2064384,128,52
641,159.871043954,2064384,128,52
642,159.887732107,2064384,128,52
643,159.904420261,2064384,128,52
644,159.921108414,2064384,128,52
645,159.937796567,2064384,128,52
646,159.954484721,2064384,128,52
647,159.971172874,2064384,128,52
648,159.987861027,2064384,128,52
649,160.004549181,2064384,128,52
650,160.021237334,2064384,128,52
651,160.037925487,2064384,128,52
652,160.054613641,2064384,128,52
653,160.071301794,2064384,128,52
654,160.087989947,2064384,128,52
655,160.104678101,2064384,128,52
656,160.121366254,2064384,128,52
657,160.138054407,2064384,128,52
658,160.154742561,2064384,128,52
659,160.171430714,2064384,128,52
660,160.188118867,2064384,128,52
661,160.204807021,2064384,128,52
662,160.221495174,2064384,128,52
663,160.238183327,2064384,128,52
664,160.254871481,2064384,128,52
665,160.271559634,2064384,128,52
666,160.288247787,2064384,128,52
667,160.304935941,2064384,128,52
668,160.321624094,2064384,128,52
669,160.338312247,2064384,128,52
670,160.355000401,2064384,128,52
671,160.371688554,2064384,128,52
672,160.388376707,2064384,128,52
673,160.405064861,2064384,128,52
674,160.421753014,2064384,128,52
675,160.438441167,2064384,128,52
676,160.455129321,2064384,128,52
677,160.471817474,2064384,128,52
678,160.488505627,2064384,128,52
679,160.505193781,2064384,128,52
680,160.521881934,2064384,128,52
681,160.538570087,2064384,128,52
682,160.555258241,2064384,128,52
683,160.571946394,2064384,128,52
684,160.588634547,2064384,128,52
685,160.605322701,2064384,128,52
686,160.622010854,2064384,128,52
687,160.638699007,2064384,128,52
688,160.655387161,2064384,128,52
689,160.672075314,2064384,128,52
690,160.688763467,2064384,128,52
691,160.705451621,2064384,128,52
692,160.722139774,2064384,128,52
693,160.738827927,2064384,128,52
694,160.755516081,2064384,128,52
695,160.772204234,2064384,128,52
696,160.788892387,2064384,128,52
697,160.805580541,2064384,128,52
698,160.822268694,2064384,128,52
699,160.838956847,2064384,128,52
700,160.855645001,2064384,128,52
701,160.872333154,2064384,128,52
702,160.889021307,2064384,128,52
703,160.905709461,2064384,128,52
704,160.922397614,2064384,128,52
705,160.939085767,2064384,128,52
706,160.955773921,2064384,128,52
707,160.972462074,2064384,128,52
708,160.989150227,2064384,128,52
709,161.005838381,2064384,128,52
710,161.022526534,2064384,128,52
711,161.039214687,2064384,128,52
712,161.055902841,2064384,128,52
713,161.072590994,2064384,128,52
714,161.089279147,2064384,128,52
715,161.105967301,2064384,128,52
716,161.122655454,2064384,128,52
717,161.139343608,2064384,128,52
718,161.156031761,2064384,128,52
719,161.172719914,2064384,128,52
720,161.189408068,2064384,128,52
721,161.206096221,2064384,128,52
722,161.222784374,2064384,128,52
723,161.239472528,2064384,128,52
724,161.256160681,2064384,128,52
725,161.272848834,2064384,128,52
726,161.289536988,2064384,128,52
727,161.306225141,2064384,128,52
728,161.322913294,2064384,128,52
729,161.339601448,2064384,128,52
730,161.356289601,2064384,128,52
731,161.372977754,2064384,128,52
732,161.389665908,2064384,128,52
733,161.406354061,2064384,128,52
734,161.423042214,2064384,128,52
735,161.439730368,2064384,128,52
736,161.456418521,2064384,128,52
737,161.473106674,2064384,128,52
738,161.489794828,2064384,128,52
739,161.506482981,2064384,128,52
740,161.523171134,2064384,128,52
741,161.539859288,2064384,128,52
742,161.556547441,2064384,128,52
743,161.573235594,2064384,128,52
744,161.589923748,2064384,128,52
745,161.606611901,2064384,128,52
746,161.623300054,2064384,128,52
747,161.639988208,2064384,128,52
748,161.656676361,2064384,128,52
749,161.673364514,2064384,128,52
750,161.690052668,2064384,128,52
751,161.706740821,2064384,128,52
752,161.723428974,2064384,128,52
753,161.740117128,2064384,128,52
754,161.756805281,2064384,128,52
755,161.773493434,2064384,128,52
756,161.790181588,2064384,128,52
757,161.806869741,2064384,128,52
758,161.823557894,2064384,128,52
759,161.840246048,2064384,128,52
760,161.856934201,2064384,128,52
761,161.873622354,2064384,128,52
762,161.890310508,2064384,128,52
763,161.906998661,2064384,128,52
764,161.923686814,2064384,128,52
765,161.940374968,2064384,128,52
766,161.957063121,2064384,128,52
767,161.973751274,2064384,128,52
768,161.990439428,2064384,128,52
769,162.007127581,2064384,128,52
770,162.023815734,2064384,128,52
771,162.040503888,2064384,128,52
772,162.057192041,2064384,128,52
773,162.073880194,2064384,128,52
774,162.090568348,2064384,128,52
775,162.107256501,2064384,128,52
776,162.123944654,2064384,128,52
777,162.140632808,2064384,128,52
778,162.157320961,2064384,128,52
779,162.174009114,2064384,128,52
780,162.190697268,2064384,128,52
781,162.207385421,2064384,128,52
782,162.224073574,2064384,128,52
783,162.240761728,2064384,128,52
784,162.257449881,2064384,128,52
785,162.274138034,2064384,128,52
786,162.290826188,2064384,128,52
787,162.307514341,2064384,128,52
788,162.324202494,2064384,128,52
789,162.340890648,2064384,128,52
790,162.357578801,2064384,128,52
791,162.374266954,2064384,128,52
792,162.390955108,2064384,128,52
793,162.407643261,2064384,128,52
794,162.424331414,2064384,128,52
795,162.441019568,2064384,128,52
796,162.457707721,2064384,128,52
797,162.474395874,2064384,128,52
798,162.491084028,2064384,128,52
799,162.507772181,2064384,128,52
800,162.524460334,2064384,128,52
801,162.541148488,2064384,128,52
802,162.557836641,2064384,128,52
803,162.574524794,2064384,128,52
804,162.591212948,2064384,128,52
805,162.607901101,2064384,128,52
806,162.624589254,2064384,128,52
807,162.641277408,2064384,128,52
808,162.657965561,2064384,128,52
809,162.674653714,2064384,128,52
810,162.691341868,2064384,128,52
811,162.708030021,2064384,128,52
812,162.724718174,2064384,128,52
813,162.741406328,2064384,128,52
814,162.758094481,2064384,128,52
815,162.774782634,2064384,128,52
816,162.791470788,2064384,128,52
817,162.808158941,2064384,128,52
818,162.824847094,2064384,128,52
819,162.841535248,2064384,128,52
820,162.858223401,2064384,128,52
821,162.874911554,2064384,128,52
822,162.891599708,2064384,128,52
823,162.908287861,2064384,128,52
824,162.924976014,2064384,128,52
825,162.941664168,2064384,128,52
826,162.958352321,2064384,128,52
827,162.975040474,2064384,128,52
828,162.991728628,2064384,128,52
829,163.008416781,2064384,128,52
830,163.025104934,2064384,128,52
831,163.041793088,2064384,128,52
832,163.058481241,2064384,128,52
833,163.075169394,2064384,128,52
834,163.091857548,2064384,128,52
835,163.108545701,2064384,128,52
836,163.125233854,2064384,128,52
837,163.141922008,2064384,128,52
838,163.158610161,2064384,128,52
839,163.175298314,2064384,128,52
840,163.191986468,2064384,128,52
841,163.208674621,2064384,128,52
842,163.225362774,2064384,128,52
843,163.242050928,2064384,128,52
844,163.258739081,2064384,128,52
845,163.275427234,2064384,128,52
846,163.292115388,2064384,128,52
847,163.308803541,2064384,128,52
848,163.325491694,2064384,128,52
849,163.342179848,2064384,128,52
850,163.358868001,2064384,128,52
851,163.375556154,2064384,128,52
852,163.392244308,2064384,128,52
853,163.408932461,2064384,128,52
854,163.425620614,2064384,128,52
855,163.442308768,2064384,128,52
856,163.458996921,2064384,128,52
857,163.475685074,2064384,128,52
858,163.492373228,2064384,128,52
859,163.509061381,2064384,128,52
860,163.525749534,2064384,128,52
861,163.542437688,2064384,128,52
862,163.559125841,2064384,128,52
863,163.575813994,2064384,128,52
864,163.592502148,2064384,128,52
865,163.609190301,2064384,128,52
866,163.625878454,2064384,128,52
867,163.642566608,2064384,128,52
868,163.659254761,2064384,128,52
869,163.675942914,2064384,128,52
870,163.692631068,2064384,128,52
871,163.709319221,2064384,128,52
872,163.726007374,2064384,128,52
873,163.742695528,2064384,128,52
874,163.759383681,2064384,128,52
875,163.776071834,2064384,128,52
876,163.792759988,2064384,128,52
877,163.809448141,2064384,128,52
878,163.826136294,2064384,128,52
879,163.842824448,2064384,128,52
880,163.859512601,2064384,128,52
881,163.876200754,2064384,128,52
882,163.892888908,2064384,128,52
883,163.909577061,2064384,128,52
884,163.926265214,2064384,128,52
885,163.942953368,2064384,128,52
886,163.959641521,2064384,128,52
887,163.976329674,2064384,128,52
888,163.993017828,2064384,128,52
889,164.009705981,2064384,128,52
890,164.026394134,2064384,128,52
891,164.043082288,2064384,128,52
892,164.059770441,2064384,128,52
893,164.076458594,2064384,128,52
894,164.093146748,2064384,128,52
895,164.109834901,2064384,128,52
896,164.126523054,2064384,128,52
897,164.143211208,2064384,128,52
898,164.159899361,2064384,128,52
899,164.176587514,2064384,128,52
900,164.193275668,2064384,128,52
901,164.209963821,2064384,128,52
902,164.226651974,2064384,128,52
903,164.243340128,2064384,128,52
904,164.260028281,2064384,128,52
905,164.276716434,2064384,128,52
906,164.293404588,2064384,128,52
907,164.310092741,2064384,128,52
908,164.326780894,2064384,128,52
909,164.343469048,2064384,128,52
910,164.360157201,2064384,128,52
911,164.376845354,2064384,128,52
912,164.393533508,2064384,128,52
913,164.410221661,2064384,128,52
914,164.426909814,2064384,128,52
915,164.443597968,2064384,128,52
916,164.460286121,2064384,128,52
917,164.476974274,2064384,128,52
918,164.493662428,2064384,128,52
919,164.510350581,2064384,128,52
920,164.527038734,2064384,128,52
921,164.543726888,2064384,128,52
922,164.560415041,2064384,128,52
923,164.577103194,2064384,128,52
924,164.593791348,2064384,128,52
925,164.610479501,2064384,128,52
926,164.627167654,2064384,128,52
927,164.643855808,2064384,128,52
928,164.660543961,2064384,128,52
929,164.677232114,2064384,128,52
930,164.693920268,2064384,128,52
931,164.710608421,2064384,128,52
932,164.727296574,2064384,128,52
933,164.743984728,2064384,128,52
934,164.760672881,2064384,128,52
935,164.777361034,2064384,128,52
936,164.794049188,2064384,128,52
937,164.810737341,2064384,128,52
938,164.827425494,2064384,128,52
939,164.844113648,2064384,128,52
940,164.860801801,2064384,128,52
941,164.877489954,2064384,128,52
942,164.894178108,2064384,128,52
943,164.910866261,2064384,128,52
944,164.927554414,2064384,128,52
945,164.944242568,2064384,128,52
946,164.960930721,2064384,128,52
947,164.977618874,2064384,128,52
